/tools/microchip/Libero_SoC_2025.1/Libero_SoC/ModelSim_Pro:
actel
bin
cif_src
cov_src
docs
examples
floatfixlib
ieee
ieeepure
include
keyring
legal
lib
linuxacoem
modelsim.ini
modelsim_lib
obf_src
osver
RELEASE_NOTES
RELEASE_NOTES.html
RELEASE_NOTES.txt
std
std_developerskit
sv_std
synopsys
tcl.fs
ui_config.tcl
vco
verilog
verilog_src
vhdl_src
vital1995
vital2000
vital2.2b
vovl_src

/tools/microchip/Libero_SoC_2025.1/Libero_SoC/ModelSim_Pro/actel:

/tools/microchip/Libero_SoC_2025.1/Libero_SoC/ModelSim_Pro/bin:
drill
dumplog64
flps_util
hm_entity
jobspy
qhcvt
qhdel
qhdir
qhgencomp
qhlib
qhmake
qhmap
qhsim
qrun
questa_qrun
qverilog
qvhcom
qvlcom
sccom
scgenmod
sdfcom
sm_entity
triage
vcd2wlf
vcom
vcover
vdbg
vdel
vdir
vencrypt
verror
vgencomp
vhencrypt
vlib
vlog
vmake
vmap
vopt
vovl
vrun
vsim
wlf2log
wlf2vcd
wlfman
wlfrecover
xml2ucdb

/tools/microchip/Libero_SoC_2025.1/Libero_SoC/ModelSim_Pro/cif_src:
cif_access_type.sv
cif_array_type.sv
cif_enum_type.sv
cif_file_type.sv
cif_floating_type.sv
cif_generic_type.sv
cif_int_type.sv
cif_physical_type.sv
cif_special_pkg.sv
cif_standard.sv
cif_std_logic_1164.sv
cif_time_type.sv

/tools/microchip/Libero_SoC_2025.1/Libero_SoC/ModelSim_Pro/cov_src:
countdiff.rules
ucdbdiffdq.rules
ucdbdiff.rules

/tools/microchip/Libero_SoC_2025.1/Libero_SoC/ModelSim_Pro/docs:
cmd_help
doc_xref
html
legal
pdfdocs
rlsnotes
supplemental
tcl_help_html
technotes
welcome

/tools/microchip/Libero_SoC_2025.1/Libero_SoC/ModelSim_Pro/docs/cmd_help:
cmd_help.txt
core_cmd_help.txt
ee_cmd_help.txt
oem_cmd_help.txt
pe_cmd_help.txt

/tools/microchip/Libero_SoC_2025.1/Libero_SoC/ModelSim_Pro/docs/html:

/tools/microchip/Libero_SoC_2025.1/Libero_SoC/ModelSim_Pro/docs/legal:
README.txt

/tools/microchip/Libero_SoC_2025.1/Libero_SoC/ModelSim_Pro/docs/pdfdocs:
_bk_modelsim.pdf
mgc_html_help.pdf
modelsim_gui_ref.pdf
modelsim_ref.pdf
modelsim_tut.pdf
modelsim_user.pdf

/tools/microchip/Libero_SoC_2025.1/Libero_SoC/ModelSim_Pro/docs/rlsnotes:
10.2f
10.2g
10.3e
10.3f
10.3g
10.4
10.4a
10.4b
10.4c
10.4d
10.4e
10.4f
10.4g
10.5
10.5a
10.5b
10.5c
10.5d
10.5e
10.5f
10.5g
10.6
10.6a
10.6b
10.6c
10.6d
10.6e
10.6f
10.6g
10.7
10.7a
10.7b
10.7c
10.7d
10.7e
10.7f
10.7g
2019.1
2019.2
2019.3
2019.4
2020.1
2020.2
2020.3
2020.4
2021.1
2021.2
2021.3
2021.4
2022.1
2022.2
2022.3
2022.4
2023.1
2023.2
2023.3
2023.4
RELEASE_NOTES
RELEASE_NOTES.html
RELEASE_NOTES.txt

/tools/microchip/Libero_SoC_2025.1/Libero_SoC/ModelSim_Pro/docs/rlsnotes/10.2f:
RELEASE_NOTES
RELEASE_NOTES.html
RELEASE_NOTES.txt

/tools/microchip/Libero_SoC_2025.1/Libero_SoC/ModelSim_Pro/docs/rlsnotes/10.2g:
RELEASE_NOTES
RELEASE_NOTES.html
RELEASE_NOTES.txt

/tools/microchip/Libero_SoC_2025.1/Libero_SoC/ModelSim_Pro/docs/rlsnotes/10.3e:
RELEASE_NOTES
RELEASE_NOTES.html
RELEASE_NOTES.txt

/tools/microchip/Libero_SoC_2025.1/Libero_SoC/ModelSim_Pro/docs/rlsnotes/10.3f:
RELEASE_NOTES
RELEASE_NOTES.html
RELEASE_NOTES.txt

/tools/microchip/Libero_SoC_2025.1/Libero_SoC/ModelSim_Pro/docs/rlsnotes/10.3g:
RELEASE_NOTES
RELEASE_NOTES.html
RELEASE_NOTES.txt

/tools/microchip/Libero_SoC_2025.1/Libero_SoC/ModelSim_Pro/docs/rlsnotes/10.4:
RELEASE_NOTES
RELEASE_NOTES.html
RELEASE_NOTES.txt

/tools/microchip/Libero_SoC_2025.1/Libero_SoC/ModelSim_Pro/docs/rlsnotes/10.4a:
RELEASE_NOTES
RELEASE_NOTES.html
RELEASE_NOTES.txt

/tools/microchip/Libero_SoC_2025.1/Libero_SoC/ModelSim_Pro/docs/rlsnotes/10.4b:
RELEASE_NOTES
RELEASE_NOTES.html
RELEASE_NOTES.txt

/tools/microchip/Libero_SoC_2025.1/Libero_SoC/ModelSim_Pro/docs/rlsnotes/10.4c:
RELEASE_NOTES
RELEASE_NOTES.html
RELEASE_NOTES.txt

/tools/microchip/Libero_SoC_2025.1/Libero_SoC/ModelSim_Pro/docs/rlsnotes/10.4d:
RELEASE_NOTES
RELEASE_NOTES.html
RELEASE_NOTES.txt

/tools/microchip/Libero_SoC_2025.1/Libero_SoC/ModelSim_Pro/docs/rlsnotes/10.4e:
RELEASE_NOTES
RELEASE_NOTES.html
RELEASE_NOTES.txt

/tools/microchip/Libero_SoC_2025.1/Libero_SoC/ModelSim_Pro/docs/rlsnotes/10.4f:
RELEASE_NOTES
RELEASE_NOTES.html
RELEASE_NOTES.txt

/tools/microchip/Libero_SoC_2025.1/Libero_SoC/ModelSim_Pro/docs/rlsnotes/10.4g:
RELEASE_NOTES
RELEASE_NOTES.html
RELEASE_NOTES.txt

/tools/microchip/Libero_SoC_2025.1/Libero_SoC/ModelSim_Pro/docs/rlsnotes/10.5:
RELEASE_NOTES
RELEASE_NOTES.html
RELEASE_NOTES.txt

/tools/microchip/Libero_SoC_2025.1/Libero_SoC/ModelSim_Pro/docs/rlsnotes/10.5a:
RELEASE_NOTES
RELEASE_NOTES.html
RELEASE_NOTES.txt

/tools/microchip/Libero_SoC_2025.1/Libero_SoC/ModelSim_Pro/docs/rlsnotes/10.5b:
RELEASE_NOTES
RELEASE_NOTES.html
RELEASE_NOTES.txt

/tools/microchip/Libero_SoC_2025.1/Libero_SoC/ModelSim_Pro/docs/rlsnotes/10.5c:
RELEASE_NOTES
RELEASE_NOTES.html
RELEASE_NOTES.txt

/tools/microchip/Libero_SoC_2025.1/Libero_SoC/ModelSim_Pro/docs/rlsnotes/10.5d:
RELEASE_NOTES
RELEASE_NOTES.html
RELEASE_NOTES.txt

/tools/microchip/Libero_SoC_2025.1/Libero_SoC/ModelSim_Pro/docs/rlsnotes/10.5e:
RELEASE_NOTES
RELEASE_NOTES.html
RELEASE_NOTES.txt

/tools/microchip/Libero_SoC_2025.1/Libero_SoC/ModelSim_Pro/docs/rlsnotes/10.5f:
RELEASE_NOTES
RELEASE_NOTES.html
RELEASE_NOTES.txt

/tools/microchip/Libero_SoC_2025.1/Libero_SoC/ModelSim_Pro/docs/rlsnotes/10.5g:
RELEASE_NOTES
RELEASE_NOTES.html
RELEASE_NOTES.txt

/tools/microchip/Libero_SoC_2025.1/Libero_SoC/ModelSim_Pro/docs/rlsnotes/10.6:
RELEASE_NOTES
RELEASE_NOTES.html
RELEASE_NOTES.txt

/tools/microchip/Libero_SoC_2025.1/Libero_SoC/ModelSim_Pro/docs/rlsnotes/10.6a:
RELEASE_NOTES
RELEASE_NOTES.html
RELEASE_NOTES.txt

/tools/microchip/Libero_SoC_2025.1/Libero_SoC/ModelSim_Pro/docs/rlsnotes/10.6b:
RELEASE_NOTES
RELEASE_NOTES.html
RELEASE_NOTES.txt

/tools/microchip/Libero_SoC_2025.1/Libero_SoC/ModelSim_Pro/docs/rlsnotes/10.6c:
RELEASE_NOTES
RELEASE_NOTES.html
RELEASE_NOTES.txt

/tools/microchip/Libero_SoC_2025.1/Libero_SoC/ModelSim_Pro/docs/rlsnotes/10.6d:
RELEASE_NOTES
RELEASE_NOTES.html
RELEASE_NOTES.txt

/tools/microchip/Libero_SoC_2025.1/Libero_SoC/ModelSim_Pro/docs/rlsnotes/10.6e:
RELEASE_NOTES
RELEASE_NOTES.html
RELEASE_NOTES.txt

/tools/microchip/Libero_SoC_2025.1/Libero_SoC/ModelSim_Pro/docs/rlsnotes/10.6f:
RELEASE_NOTES
RELEASE_NOTES.html
RELEASE_NOTES.txt

/tools/microchip/Libero_SoC_2025.1/Libero_SoC/ModelSim_Pro/docs/rlsnotes/10.6g:
RELEASE_NOTES
RELEASE_NOTES.html
RELEASE_NOTES.txt

/tools/microchip/Libero_SoC_2025.1/Libero_SoC/ModelSim_Pro/docs/rlsnotes/10.7:
RELEASE_NOTES
RELEASE_NOTES.html
RELEASE_NOTES.txt

/tools/microchip/Libero_SoC_2025.1/Libero_SoC/ModelSim_Pro/docs/rlsnotes/10.7a:
RELEASE_NOTES
RELEASE_NOTES.html
RELEASE_NOTES.txt

/tools/microchip/Libero_SoC_2025.1/Libero_SoC/ModelSim_Pro/docs/rlsnotes/10.7b:
RELEASE_NOTES
RELEASE_NOTES.html
RELEASE_NOTES.txt

/tools/microchip/Libero_SoC_2025.1/Libero_SoC/ModelSim_Pro/docs/rlsnotes/10.7c:
RELEASE_NOTES
RELEASE_NOTES.html
RELEASE_NOTES.txt

/tools/microchip/Libero_SoC_2025.1/Libero_SoC/ModelSim_Pro/docs/rlsnotes/10.7d:
RELEASE_NOTES
RELEASE_NOTES.html
RELEASE_NOTES.txt

/tools/microchip/Libero_SoC_2025.1/Libero_SoC/ModelSim_Pro/docs/rlsnotes/10.7e:
RELEASE_NOTES
RELEASE_NOTES.html
RELEASE_NOTES.txt

/tools/microchip/Libero_SoC_2025.1/Libero_SoC/ModelSim_Pro/docs/rlsnotes/10.7f:
RELEASE_NOTES
RELEASE_NOTES.html
RELEASE_NOTES.txt

/tools/microchip/Libero_SoC_2025.1/Libero_SoC/ModelSim_Pro/docs/rlsnotes/10.7g:
RELEASE_NOTES
RELEASE_NOTES.html
RELEASE_NOTES.txt

/tools/microchip/Libero_SoC_2025.1/Libero_SoC/ModelSim_Pro/docs/rlsnotes/2019.1:
RELEASE_NOTES
RELEASE_NOTES.html
RELEASE_NOTES.txt

/tools/microchip/Libero_SoC_2025.1/Libero_SoC/ModelSim_Pro/docs/rlsnotes/2019.2:
RELEASE_NOTES
RELEASE_NOTES.html
RELEASE_NOTES.txt

/tools/microchip/Libero_SoC_2025.1/Libero_SoC/ModelSim_Pro/docs/rlsnotes/2019.3:
RELEASE_NOTES
RELEASE_NOTES.html
RELEASE_NOTES.txt

/tools/microchip/Libero_SoC_2025.1/Libero_SoC/ModelSim_Pro/docs/rlsnotes/2019.4:
RELEASE_NOTES
RELEASE_NOTES.html
RELEASE_NOTES.txt

/tools/microchip/Libero_SoC_2025.1/Libero_SoC/ModelSim_Pro/docs/rlsnotes/2020.1:
RELEASE_NOTES
RELEASE_NOTES.html
RELEASE_NOTES.txt

/tools/microchip/Libero_SoC_2025.1/Libero_SoC/ModelSim_Pro/docs/rlsnotes/2020.2:
RELEASE_NOTES
RELEASE_NOTES.html
RELEASE_NOTES.txt

/tools/microchip/Libero_SoC_2025.1/Libero_SoC/ModelSim_Pro/docs/rlsnotes/2020.3:
RELEASE_NOTES
RELEASE_NOTES.html
RELEASE_NOTES.txt

/tools/microchip/Libero_SoC_2025.1/Libero_SoC/ModelSim_Pro/docs/rlsnotes/2020.4:
RELEASE_NOTES
RELEASE_NOTES.html
RELEASE_NOTES.txt

/tools/microchip/Libero_SoC_2025.1/Libero_SoC/ModelSim_Pro/docs/rlsnotes/2021.1:
RELEASE_NOTES
RELEASE_NOTES.html
RELEASE_NOTES.txt

/tools/microchip/Libero_SoC_2025.1/Libero_SoC/ModelSim_Pro/docs/rlsnotes/2021.2:
RELEASE_NOTES
RELEASE_NOTES.html
RELEASE_NOTES.txt

/tools/microchip/Libero_SoC_2025.1/Libero_SoC/ModelSim_Pro/docs/rlsnotes/2021.3:
RELEASE_NOTES
RELEASE_NOTES.html
RELEASE_NOTES.txt

/tools/microchip/Libero_SoC_2025.1/Libero_SoC/ModelSim_Pro/docs/rlsnotes/2021.4:
RELEASE_NOTES
RELEASE_NOTES.html
RELEASE_NOTES.txt

/tools/microchip/Libero_SoC_2025.1/Libero_SoC/ModelSim_Pro/docs/rlsnotes/2022.1:
RELEASE_NOTES
RELEASE_NOTES.html
RELEASE_NOTES.txt

/tools/microchip/Libero_SoC_2025.1/Libero_SoC/ModelSim_Pro/docs/rlsnotes/2022.2:
RELEASE_NOTES
RELEASE_NOTES.html
RELEASE_NOTES.txt

/tools/microchip/Libero_SoC_2025.1/Libero_SoC/ModelSim_Pro/docs/rlsnotes/2022.3:
RELEASE_NOTES
RELEASE_NOTES.html
RELEASE_NOTES.txt

/tools/microchip/Libero_SoC_2025.1/Libero_SoC/ModelSim_Pro/docs/rlsnotes/2022.4:
RELEASE_NOTES
RELEASE_NOTES.html
RELEASE_NOTES.txt

/tools/microchip/Libero_SoC_2025.1/Libero_SoC/ModelSim_Pro/docs/rlsnotes/2023.1:
RELEASE_NOTES
RELEASE_NOTES.html
RELEASE_NOTES.txt

/tools/microchip/Libero_SoC_2025.1/Libero_SoC/ModelSim_Pro/docs/rlsnotes/2023.2:
RELEASE_NOTES
RELEASE_NOTES.html
RELEASE_NOTES.txt

/tools/microchip/Libero_SoC_2025.1/Libero_SoC/ModelSim_Pro/docs/rlsnotes/2023.3:
RELEASE_NOTES
RELEASE_NOTES.html
RELEASE_NOTES.txt

/tools/microchip/Libero_SoC_2025.1/Libero_SoC/ModelSim_Pro/docs/rlsnotes/2023.4:
RELEASE_NOTES
RELEASE_NOTES.html
RELEASE_NOTES.txt

/tools/microchip/Libero_SoC_2025.1/Libero_SoC/ModelSim_Pro/docs/supplemental:

/tools/microchip/Libero_SoC_2025.1/Libero_SoC/ModelSim_Pro/docs/tcl_help_html:
contents.htm
contents.html
copyright.htm
docs.css
gpl_copyright.htm
IncrTclCmd
IncrTkCmd
iwidgets
Keywords
sysc_copyright.htm
TclCmd
tclgui_copyright.htm
TclLib
tclvfs
tclxml
TkCmd
tkdnd
tkimg
TkLib
tktable
tktreectrl
UserCmd

/tools/microchip/Libero_SoC_2025.1/Libero_SoC/ModelSim_Pro/docs/tcl_help_html/IncrTclCmd:
body.htm
class.htm
code.htm
configbody.htm
contents.htm
delete.htm
ensemble.htm
find.htm
itcl_class.htm
itcl.htm
itcl_info.htm
itclvars.htm
local.htm
scope.htm

/tools/microchip/Libero_SoC_2025.1/Libero_SoC/ModelSim_Pro/docs/tcl_help_html/IncrTkCmd:
Archetype.htm
contents.htm
itk.htm
itkvars.htm
Toplevel.htm
usual.htm
Widget.htm

/tools/microchip/Libero_SoC_2025.1/Libero_SoC/ModelSim_Pro/docs/tcl_help_html/iwidgets:
buttonbox.html
calendar.html
canvasprintbox.html
canvasprintdialog.html
checkbox.html
combobox.html
contents.html
dateentry.html
datefield.html
dialog.html
dialogshell.html
disjointlistbox.html
entryfield.html
extbutton.html
extfileselectionbox.html
extfileselectiondialog.html
feedback.html
fileselectionbox.html
fileselectiondialog.html
finddialog.html
hierarchy.html
hyperhelp.html
labeledframe.html
labeledwidget.html
mainwindow.html
menubar.html
messagebox.html
messagedialog.html
notebook.html
optionmenu.html
panedwindow.html
promptdialog.html
pushbutton.html
radiobox.html
scopedobject.html
scrolledcanvas.html
scrolledframe.html
scrolledhtml.html
scrolledlistbox.html
scrolledtext.html
selectionbox.html
selectiondialog.html
shell.html
spindate.html
spinint.html
spinner.html
spintime.html
tabnotebook.html
tabset.html
timeentry.html
timefield.html
toolbar.html
watch.html

/tools/microchip/Libero_SoC_2025.1/Libero_SoC/ModelSim_Pro/docs/tcl_help_html/Keywords:
A.htm
B.htm
C.htm
contents.htm
D.htm
E.htm
F.htm
G.htm
H.htm
I.htm
J.htm
K.htm
L.htm
M.htm
N.htm
O.htm
P.htm
Q.htm
R.htm
S.htm
T.htm
U.htm
V.htm
W.htm
X.htm
Y.htm
Z.htm

/tools/microchip/Libero_SoC_2025.1/Libero_SoC/ModelSim_Pro/docs/tcl_help_html/TclCmd:
after.htm
append.htm
apply.htm
array.htm
bgerror.htm
binary.htm
break.htm
catch.htm
cd.htm
chan.htm
class.htm
clock.htm
close.htm
concat.htm
contents.htm
continue.htm
copy.htm
coroutine.htm
dde.htm
define.htm
dict.htm
encoding.htm
eof.htm
error.htm
eval.htm
exec.htm
exit.htm
expr.htm
fblocked.htm
fconfigure.htm
fcopy.htm
fileevent.htm
file.htm
filename.htm
flush.htm
foreach.htm
for.htm
format.htm
gets.htm
global.htm
glob.htm
history.htm
http.htm
if.htm
incr.htm
info.htm
interp.htm
join.htm
lappend.htm
lassign.htm
library.htm
lindex.htm
linsert.htm
list.htm
llength.htm
lmap.htm
load.htm
lrange.htm
lrepeat.htm
lreplace.htm
lreverse.htm
lsearch.htm
lset.htm
lsort.htm
mathfunc.htm
mathop.htm
memory.htm
msgcat.htm
my.htm
namespace.htm
next.htm
object.htm
open.htm
package.htm
packagens.htm
pid.htm
pkgMkIndex.htm
platform.htm
platform_shell.htm
prefix.htm
proc.htm
puts.htm
pwd.htm
read.htm
refchan.htm
regexp.htm
registry.htm
regsub.htm
rename.htm
re_syntax.htm
return.htm
safe.htm
scan.htm
seek.htm
self.htm
set.htm
socket.htm
source.htm
split.htm
string.htm
subst.htm
switch.htm
tailcall.htm
Tcl.htm
tcltest.htm
tclvars.htm
tell.htm
throw.htm
time.htm
tm.htm
trace.htm
transchan.htm
try.htm
unknown.htm
unload.htm
unset.htm
update.htm
uplevel.htm
upvar.htm
variable.htm
vwait.htm
while.htm
zlib.htm

/tools/microchip/Libero_SoC_2025.1/Libero_SoC/ModelSim_Pro/docs/tcl_help_html/TclLib:
Access.htm
AddErrInfo.htm
Alloc.htm
AllowExc.htm
AppInit.htm
AssocData.htm
Async.htm
BackgdErr.htm
Backslash.htm
BoolObj.htm
ByteArrObj.htm
CallDel.htm
Cancel.htm
ChnlStack.htm
Class.htm
CmdCmplt.htm
Concat.htm
contents.htm
CrtChannel.htm
CrtChnlHdlr.htm
CrtCloseHdlr.htm
CrtCommand.htm
CrtFileHdlr.htm
CrtInterp.htm
CrtMathFnc.htm
CrtObjCmd.htm
CrtSlave.htm
CrtTimerHdlr.htm
CrtTrace.htm
DetachPids.htm
DictObj.htm
DoOneEvent.htm
DoubleObj.htm
DoWhenIdle.htm
DString.htm
DumpActiveMemory.htm
Encoding.htm
Ensemble.htm
Environment.htm
Eval.htm
Exit.htm
ExprLong.htm
ExprLongObj.htm
FileSystem.htm
FindExec.htm
GetCwd.htm
GetHostName.htm
GetIndex.htm
GetInt.htm
GetOpnFl.htm
GetStdChan.htm
GetTime.htm
GetVersion.htm
Hash.htm
Init.htm
InitStubs.htm
Interp.htm
IntObj.htm
Limit.htm
LinkVar.htm
ListObj.htm
Load.htm
Method.htm
modules
Namespace.htm
Notifier.htm
NRE.htm
Object.htm
ObjectType.htm
OOInitStubs.htm
OpenFileChnl.htm
OpenTcp.htm
Panic.htm
ParseArgs.htm
ParseCmd.htm
PkgRequire.htm
Preserve.htm
PrintDbl.htm
RecEvalObj.htm
RecordEval.htm
RegConfig.htm
RegExp.htm
SaveResult.htm
SetChanErr.htm
SetErrno.htm
SetRecLmt.htm
SetResult.htm
SetVar.htm
Signal.htm
Sleep.htm
SourceRCFile.htm
SplitList.htm
SplitPath.htm
StaticPkg.htm
StdChannels.htm
StringObj.htm
StrMatch.htm
SubstObj.htm
Tcl_Main.htm
TCL_MEM_DEBUG.htm
TclZlib.htm
Thread.htm
ToUpper.htm
TraceCmd.htm
TraceVar.htm
Translate.htm
UniCharIsAlpha.htm
UpVar.htm
Utf.htm
WrongNumArgs.htm

/tools/microchip/Libero_SoC_2025.1/Libero_SoC/ModelSim_Pro/docs/tcl_help_html/TclLib/modules:
aes
amazon-s3
asn
base32
base64
bee
bench
bibtex
blowfish
cache
cmdline
comm
contents.html
control
counter
crc
csv
des
dns
docstrip
doctools
doctools2base
doctools2idx
doctools2toc
exif
fileutil
ftp
ftpd
fumagic
grammar_fa
grammar_me
grammar_peg
html
htmlparse
http
ident
inifile
interp
irc
javascript
jpeg
json
ldap
log
map
mapproj
math
md4
md5
md5crypt
mime
multiplexer
ncgi
nmea
nns
nntp
ntp
otp
page
pluginmgr
png
pop3
pop3d
profiler
rc4
rcs
report
rest
ripemd
sasl
sha1
simulation
smtpd
snit
soundex
stooop
stringprep
struct
tar
term
textutil
tie
tiff
transfer
treeql
uev
units
uri
uuid
wip
yaml

/tools/microchip/Libero_SoC_2025.1/Libero_SoC/ModelSim_Pro/docs/tcl_help_html/TclLib/modules/aes:
aes.html

/tools/microchip/Libero_SoC_2025.1/Libero_SoC/ModelSim_Pro/docs/tcl_help_html/TclLib/modules/amazon-s3:
contents.html
S3.html
xsxp.html

/tools/microchip/Libero_SoC_2025.1/Libero_SoC/ModelSim_Pro/docs/tcl_help_html/TclLib/modules/asn:
asn.html

/tools/microchip/Libero_SoC_2025.1/Libero_SoC/ModelSim_Pro/docs/tcl_help_html/TclLib/modules/base32:
base32core.html
base32hex.html
base32.html
contents.html

/tools/microchip/Libero_SoC_2025.1/Libero_SoC/ModelSim_Pro/docs/tcl_help_html/TclLib/modules/base64:
base64.html
contents.html
uuencode.html
yencode.html

/tools/microchip/Libero_SoC_2025.1/Libero_SoC/ModelSim_Pro/docs/tcl_help_html/TclLib/modules/bee:
bee.html

/tools/microchip/Libero_SoC_2025.1/Libero_SoC/ModelSim_Pro/docs/tcl_help_html/TclLib/modules/bench:
bench.html
bench_intro.html
bench_lang_intro.html
bench_lang_spec.html
bench_read.html
bench_wcsv.html
bench_wtext.html
contents.html

/tools/microchip/Libero_SoC_2025.1/Libero_SoC/ModelSim_Pro/docs/tcl_help_html/TclLib/modules/bibtex:
bibtex.html

/tools/microchip/Libero_SoC_2025.1/Libero_SoC/ModelSim_Pro/docs/tcl_help_html/TclLib/modules/blowfish:
blowfish.html

/tools/microchip/Libero_SoC_2025.1/Libero_SoC/ModelSim_Pro/docs/tcl_help_html/TclLib/modules/cache:
async.html

/tools/microchip/Libero_SoC_2025.1/Libero_SoC/ModelSim_Pro/docs/tcl_help_html/TclLib/modules/cmdline:
cmdline.html

/tools/microchip/Libero_SoC_2025.1/Libero_SoC/ModelSim_Pro/docs/tcl_help_html/TclLib/modules/comm:
comm.html
comm_wire.html
contents.html

/tools/microchip/Libero_SoC_2025.1/Libero_SoC/ModelSim_Pro/docs/tcl_help_html/TclLib/modules/control:
control.html

/tools/microchip/Libero_SoC_2025.1/Libero_SoC/ModelSim_Pro/docs/tcl_help_html/TclLib/modules/counter:
counter.html

/tools/microchip/Libero_SoC_2025.1/Libero_SoC/ModelSim_Pro/docs/tcl_help_html/TclLib/modules/crc:
cksum.html
contents.html
crc16.html
crc32.html
sum.html

/tools/microchip/Libero_SoC_2025.1/Libero_SoC/ModelSim_Pro/docs/tcl_help_html/TclLib/modules/csv:
csv.html

/tools/microchip/Libero_SoC_2025.1/Libero_SoC/ModelSim_Pro/docs/tcl_help_html/TclLib/modules/des:
des.html

/tools/microchip/Libero_SoC_2025.1/Libero_SoC/ModelSim_Pro/docs/tcl_help_html/TclLib/modules/dns:
contents.html
tcllib_dns.html
tcllib_ip.html

/tools/microchip/Libero_SoC_2025.1/Libero_SoC/ModelSim_Pro/docs/tcl_help_html/TclLib/modules/docstrip:
contents.html
docstrip.html
docstrip_util.html

/tools/microchip/Libero_SoC_2025.1/Libero_SoC/ModelSim_Pro/docs/tcl_help_html/TclLib/modules/doctools:
changelog.html
contents.html
cvs.html
docidx.html
docidx_intro.html
docidx_lang_cmdref.html
docidx_lang_faq.html
docidx_lang_intro.html
docidx_lang_syntax.html
docidx_plugin_apiref.html
doctoc.html
doctoc_intro.html
doctoc_lang_cmdref.html
doctoc_lang_faq.html
doctoc_lang_intro.html
doctoc_lang_syntax.html
doctoc_plugin_apiref.html
doctools.html
doctools_intro.html
doctools_lang_cmdref.html
doctools_lang_faq.html
doctools_lang_intro.html
doctools_lang_syntax.html
doctools_plugin_apiref.html
mpexpand.html

/tools/microchip/Libero_SoC_2025.1/Libero_SoC/ModelSim_Pro/docs/tcl_help_html/TclLib/modules/doctools2base:
contents.html
html_cssdefaults.html
msgcat.html
nroff_manmacros.html
tcl_parse.html

/tools/microchip/Libero_SoC_2025.1/Libero_SoC/ModelSim_Pro/docs/tcl_help_html/TclLib/modules/doctools2idx:
container.html
contents.html
export_docidx.html
export.html
export_html.html
export_json.html
export_nroff.html
export_text.html
export_wiki.html
import_docidx.html
import.html
import_json.html
introduction.html
msgcat_c.html
msgcat_de.html
msgcat_en.html
msgcat_fr.html
parse.html
structure.html

/tools/microchip/Libero_SoC_2025.1/Libero_SoC/ModelSim_Pro/docs/tcl_help_html/TclLib/modules/doctools2toc:
container.html
contents.html
export_doctoc.html
export.html
export_html.html
export_json.html
export_nroff.html
export_text.html
export_wiki.html
import_doctoc.html
import.html
import_json.html
introduction.html
msgcat_c.html
msgcat_de.html
msgcat_en.html
msgcat_fr.html
parse.html
structure.html

/tools/microchip/Libero_SoC_2025.1/Libero_SoC/ModelSim_Pro/docs/tcl_help_html/TclLib/modules/exif:
exif.html

/tools/microchip/Libero_SoC_2025.1/Libero_SoC/ModelSim_Pro/docs/tcl_help_html/TclLib/modules/fileutil:
contents.html
fileutil.html
multi.html
multiop.html
traverse.html

/tools/microchip/Libero_SoC_2025.1/Libero_SoC/ModelSim_Pro/docs/tcl_help_html/TclLib/modules/ftp:
contents.html
ftp_geturl.html
ftp.html

/tools/microchip/Libero_SoC_2025.1/Libero_SoC/ModelSim_Pro/docs/tcl_help_html/TclLib/modules/ftpd:
ftpd.html

/tools/microchip/Libero_SoC_2025.1/Libero_SoC/ModelSim_Pro/docs/tcl_help_html/TclLib/modules/fumagic:
cfront.html
cgen.html
contents.html
filetypes.html
mimetypes.html
rtcore.html

/tools/microchip/Libero_SoC_2025.1/Libero_SoC/ModelSim_Pro/docs/tcl_help_html/TclLib/modules/grammar_fa:
contents.html
dacceptor.html
dexec.html
fa.html
faop.html

/tools/microchip/Libero_SoC_2025.1/Libero_SoC/ModelSim_Pro/docs/tcl_help_html/TclLib/modules/grammar_me:
contents.html
gasm.html
me_ast.html
me_cpucore.html
me_cpu.html
me_intro.html
me_tcl.html
me_util.html
me_vm.html

/tools/microchip/Libero_SoC_2025.1/Libero_SoC/ModelSim_Pro/docs/tcl_help_html/TclLib/modules/grammar_peg:
contents.html
peg.html
peg_interp.html

/tools/microchip/Libero_SoC_2025.1/Libero_SoC/ModelSim_Pro/docs/tcl_help_html/TclLib/modules/html:
html.html

/tools/microchip/Libero_SoC_2025.1/Libero_SoC/ModelSim_Pro/docs/tcl_help_html/TclLib/modules/htmlparse:
htmlparse.html

/tools/microchip/Libero_SoC_2025.1/Libero_SoC/ModelSim_Pro/docs/tcl_help_html/TclLib/modules/http:
autoproxy.html

/tools/microchip/Libero_SoC_2025.1/Libero_SoC/ModelSim_Pro/docs/tcl_help_html/TclLib/modules/ident:
ident.html

/tools/microchip/Libero_SoC_2025.1/Libero_SoC/ModelSim_Pro/docs/tcl_help_html/TclLib/modules/inifile:
ini.html

/tools/microchip/Libero_SoC_2025.1/Libero_SoC/ModelSim_Pro/docs/tcl_help_html/TclLib/modules/interp:
contents.html
deleg_method.html
deleg_proc.html
tcllib_interp.html

/tools/microchip/Libero_SoC_2025.1/Libero_SoC/ModelSim_Pro/docs/tcl_help_html/TclLib/modules/irc:
contents.html
irc.html
picoirc.html

/tools/microchip/Libero_SoC_2025.1/Libero_SoC/ModelSim_Pro/docs/tcl_help_html/TclLib/modules/javascript:
javascript.html

/tools/microchip/Libero_SoC_2025.1/Libero_SoC/ModelSim_Pro/docs/tcl_help_html/TclLib/modules/jpeg:
jpeg.html

/tools/microchip/Libero_SoC_2025.1/Libero_SoC/ModelSim_Pro/docs/tcl_help_html/TclLib/modules/json:
contents.html
json.html
json_write.html

/tools/microchip/Libero_SoC_2025.1/Libero_SoC/ModelSim_Pro/docs/tcl_help_html/TclLib/modules/ldap:
contents.html
ldap.html
ldapx.html

/tools/microchip/Libero_SoC_2025.1/Libero_SoC/ModelSim_Pro/docs/tcl_help_html/TclLib/modules/log:
contents.html
loggerAppender.html
logger.html
loggerUtils.html
log.html

/tools/microchip/Libero_SoC_2025.1/Libero_SoC/ModelSim_Pro/docs/tcl_help_html/TclLib/modules/map:
contents.html
map_slippy_cache.html
map_slippy_fetcher.html
map_slippy.html

/tools/microchip/Libero_SoC_2025.1/Libero_SoC/ModelSim_Pro/docs/tcl_help_html/TclLib/modules/mapproj:
mapproj.html

/tools/microchip/Libero_SoC_2025.1/Libero_SoC/ModelSim_Pro/docs/tcl_help_html/TclLib/modules/math:
bigfloat.html
bignum.html
calculus.html
combinatorics.html
constants.html
contents.html
fourier.html
fuzzy.html
geometry.html
interpolate.html
linalg.html
machineparameters.html
math.html
optimize.html
polynomials.html
qcomplex.html
rational_funcs.html
roman.html
romberg.html
special.html
statistics.html

/tools/microchip/Libero_SoC_2025.1/Libero_SoC/ModelSim_Pro/docs/tcl_help_html/TclLib/modules/md4:
md4.html

/tools/microchip/Libero_SoC_2025.1/Libero_SoC/ModelSim_Pro/docs/tcl_help_html/TclLib/modules/md5:
md5.html

/tools/microchip/Libero_SoC_2025.1/Libero_SoC/ModelSim_Pro/docs/tcl_help_html/TclLib/modules/md5crypt:
md5crypt.html

/tools/microchip/Libero_SoC_2025.1/Libero_SoC/ModelSim_Pro/docs/tcl_help_html/TclLib/modules/mime:
contents.html
mime.html
smtp.html

/tools/microchip/Libero_SoC_2025.1/Libero_SoC/ModelSim_Pro/docs/tcl_help_html/TclLib/modules/multiplexer:
multiplexer.html

/tools/microchip/Libero_SoC_2025.1/Libero_SoC/ModelSim_Pro/docs/tcl_help_html/TclLib/modules/ncgi:
ncgi.html

/tools/microchip/Libero_SoC_2025.1/Libero_SoC/ModelSim_Pro/docs/tcl_help_html/TclLib/modules/nmea:
nmea.html

/tools/microchip/Libero_SoC_2025.1/Libero_SoC/ModelSim_Pro/docs/tcl_help_html/TclLib/modules/nns:
contents.html
nns_auto.html
nns_client.html
nns_common.html
nns_intro.html
nns_protocol.html
nns_server.html

/tools/microchip/Libero_SoC_2025.1/Libero_SoC/ModelSim_Pro/docs/tcl_help_html/TclLib/modules/nntp:
nntp.html

/tools/microchip/Libero_SoC_2025.1/Libero_SoC/ModelSim_Pro/docs/tcl_help_html/TclLib/modules/ntp:
ntp_time.html

/tools/microchip/Libero_SoC_2025.1/Libero_SoC/ModelSim_Pro/docs/tcl_help_html/TclLib/modules/otp:
otp.html

/tools/microchip/Libero_SoC_2025.1/Libero_SoC/ModelSim_Pro/docs/tcl_help_html/TclLib/modules/page:
contents.html
page_intro.html
page_pluginmgr.html
page_util_flow.html
page_util_norm_lemon.html
page_util_norm_peg.html
page_util_peg.html
page_util_quote.html

/tools/microchip/Libero_SoC_2025.1/Libero_SoC/ModelSim_Pro/docs/tcl_help_html/TclLib/modules/pluginmgr:
pluginmgr.html

/tools/microchip/Libero_SoC_2025.1/Libero_SoC/ModelSim_Pro/docs/tcl_help_html/TclLib/modules/png:
png.html

/tools/microchip/Libero_SoC_2025.1/Libero_SoC/ModelSim_Pro/docs/tcl_help_html/TclLib/modules/pop3:
pop3.html

/tools/microchip/Libero_SoC_2025.1/Libero_SoC/ModelSim_Pro/docs/tcl_help_html/TclLib/modules/pop3d:
contents.html
pop3d_dbox.html
pop3d.html
pop3d_udb.html

/tools/microchip/Libero_SoC_2025.1/Libero_SoC/ModelSim_Pro/docs/tcl_help_html/TclLib/modules/profiler:
profiler.html

/tools/microchip/Libero_SoC_2025.1/Libero_SoC/ModelSim_Pro/docs/tcl_help_html/TclLib/modules/rc4:
rc4.html

/tools/microchip/Libero_SoC_2025.1/Libero_SoC/ModelSim_Pro/docs/tcl_help_html/TclLib/modules/rcs:
rcs.html

/tools/microchip/Libero_SoC_2025.1/Libero_SoC/ModelSim_Pro/docs/tcl_help_html/TclLib/modules/report:
report.html

/tools/microchip/Libero_SoC_2025.1/Libero_SoC/ModelSim_Pro/docs/tcl_help_html/TclLib/modules/rest:
rest.html

/tools/microchip/Libero_SoC_2025.1/Libero_SoC/ModelSim_Pro/docs/tcl_help_html/TclLib/modules/ripemd:
contents.html
ripemd128.html
ripemd160.html

/tools/microchip/Libero_SoC_2025.1/Libero_SoC/ModelSim_Pro/docs/tcl_help_html/TclLib/modules/sasl:
sasl.html

/tools/microchip/Libero_SoC_2025.1/Libero_SoC/ModelSim_Pro/docs/tcl_help_html/TclLib/modules/sha1:
contents.html
sha1.html
sha256.html

/tools/microchip/Libero_SoC_2025.1/Libero_SoC/ModelSim_Pro/docs/tcl_help_html/TclLib/modules/simulation:
annealing.html
contents.html
montecarlo.html
random.html

/tools/microchip/Libero_SoC_2025.1/Libero_SoC/ModelSim_Pro/docs/tcl_help_html/TclLib/modules/smtpd:
smtpd.html

/tools/microchip/Libero_SoC_2025.1/Libero_SoC/ModelSim_Pro/docs/tcl_help_html/TclLib/modules/snit:
contents.html
snitfaq.html
snit.html

/tools/microchip/Libero_SoC_2025.1/Libero_SoC/ModelSim_Pro/docs/tcl_help_html/TclLib/modules/soundex:
soundex.html

/tools/microchip/Libero_SoC_2025.1/Libero_SoC/ModelSim_Pro/docs/tcl_help_html/TclLib/modules/stooop:
stooop.html

/tools/microchip/Libero_SoC_2025.1/Libero_SoC/ModelSim_Pro/docs/tcl_help_html/TclLib/modules/stringprep:
contents.html
stringprep_data.html
stringprep.html
unicode_data.html
unicode.html

/tools/microchip/Libero_SoC_2025.1/Libero_SoC/ModelSim_Pro/docs/tcl_help_html/TclLib/modules/struct:
contents.html
disjointset.html
graph1.html
graph.html
graphops.html
matrix1.html
matrix.html
pool.html
prioqueue.html
queue.html
record.html
skiplist.html
stack.html
struct_list.html
struct_set.html
struct_tree1.html
struct_tree.html

/tools/microchip/Libero_SoC_2025.1/Libero_SoC/ModelSim_Pro/docs/tcl_help_html/TclLib/modules/tar:
tar.html

/tools/microchip/Libero_SoC_2025.1/Libero_SoC/ModelSim_Pro/docs/tcl_help_html/TclLib/modules/term:
ansi_cattr.html
ansi_cctrl.html
ansi_cmacros.html
ansi_code.html
ansi_ctrlu.html
ansi_send.html
contents.html
imenu.html
ipager.html
receive.html
term_bind.html
term.html
term_send.html

/tools/microchip/Libero_SoC_2025.1/Libero_SoC/ModelSim_Pro/docs/tcl_help_html/TclLib/modules/textutil:
adjust.html
contents.html
expander.html
repeat.html
tabify.html
textutil.html
textutil_split.html
textutil_string.html
trim.html

/tools/microchip/Libero_SoC_2025.1/Libero_SoC/ModelSim_Pro/docs/tcl_help_html/TclLib/modules/tie:
contents.html
tie.html
tie_std.html

/tools/microchip/Libero_SoC_2025.1/Libero_SoC/ModelSim_Pro/docs/tcl_help_html/TclLib/modules/tiff:
tiff.html

/tools/microchip/Libero_SoC_2025.1/Libero_SoC/ModelSim_Pro/docs/tcl_help_html/TclLib/modules/transfer:
connect.html
contents.html
copyops.html
ddest.html
dsource.html
receiver.html
tqueue.html
transmitter.html

/tools/microchip/Libero_SoC_2025.1/Libero_SoC/ModelSim_Pro/docs/tcl_help_html/TclLib/modules/treeql:
treeql.html

/tools/microchip/Libero_SoC_2025.1/Libero_SoC/ModelSim_Pro/docs/tcl_help_html/TclLib/modules/uev:
contents.html
uevent.html
uevent_onidle.html

/tools/microchip/Libero_SoC_2025.1/Libero_SoC/ModelSim_Pro/docs/tcl_help_html/TclLib/modules/units:
units.html

/tools/microchip/Libero_SoC_2025.1/Libero_SoC/ModelSim_Pro/docs/tcl_help_html/TclLib/modules/uri:
contents.html
uri.html
urn-scheme.html

/tools/microchip/Libero_SoC_2025.1/Libero_SoC/ModelSim_Pro/docs/tcl_help_html/TclLib/modules/uuid:
uuid.html

/tools/microchip/Libero_SoC_2025.1/Libero_SoC/ModelSim_Pro/docs/tcl_help_html/TclLib/modules/wip:
wip.html

/tools/microchip/Libero_SoC_2025.1/Libero_SoC/ModelSim_Pro/docs/tcl_help_html/TclLib/modules/yaml:
contents.html
huddle.html
yaml.html

/tools/microchip/Libero_SoC_2025.1/Libero_SoC/ModelSim_Pro/docs/tcl_help_html/tclvfs:
contents.html
vfs-filesystems.html
vfs-fsapi.html
vfs.html

/tools/microchip/Libero_SoC_2025.1/Libero_SoC/ModelSim_Pro/docs/tcl_help_html/tclxml:
tclxml.html

/tools/microchip/Libero_SoC_2025.1/Libero_SoC/ModelSim_Pro/docs/tcl_help_html/TkCmd:
bell.htm
bind.htm
bindtags.htm
bitmap.htm
busy.htm
button.htm
canvas.htm
checkbutton.htm
chooseColor.htm
chooseDirectory.htm
clipboard.htm
colors.htm
console.htm
contents.htm
cursors.htm
destroy.htm
dialog.htm
entry.htm
event.htm
focus.htm
focusNext.htm
fontchooser.htm
font.htm
frame.htm
getOpenFile.htm
grab.htm
grid.htm
image.htm
keysyms.htm
labelframe.htm
label.htm
listbox.htm
loadTk.htm
lower.htm
menubutton.htm
menu.htm
messageBox.htm
message.htm
option.htm
optionMenu.htm
options.htm
pack.htm
palette.htm
panedwindow.htm
photo.htm
place.htm
popup.htm
radiobutton.htm
raise.htm
scale.htm
scrollbar.htm
selection.htm
send.htm
spinbox.htm
text.htm
tkerror.htm
tk.htm
tk_mac.htm
tkvars.htm
tkwait.htm
toplevel.htm
ttk_button.htm
ttk_checkbutton.htm
ttk_combobox.htm
ttk_entry.htm
ttk_frame.htm
ttk_image.htm
ttk_intro.htm
ttk_labelframe.htm
ttk_label.htm
ttk_menubutton.htm
ttk_notebook.htm
ttk_panedwindow.htm
ttk_progressbar.htm
ttk_radiobutton.htm
ttk_scale.htm
ttk_scrollbar.htm
ttk_separator.htm
ttk_sizegrip.htm
ttk_spinbox.htm
ttk_style.htm
ttk_treeview.htm
ttk_vsapi.htm
ttk_widget.htm
winfo.htm
wm.htm

/tools/microchip/Libero_SoC_2025.1/Libero_SoC/ModelSim_Pro/docs/tcl_help_html/tkdnd:
contents.html

/tools/microchip/Libero_SoC_2025.1/Libero_SoC/ModelSim_Pro/docs/tcl_help_html/tkimg:
formats.htm
index.html

/tools/microchip/Libero_SoC_2025.1/Libero_SoC/ModelSim_Pro/docs/tcl_help_html/TkLib:
3DBorder.htm
AddOption.htm
BindTable.htm
CanvPsY.htm
CanvTkwin.htm
CanvTxtInfo.htm
Clipboard.htm
ClrSelect.htm
ConfigWidg.htm
ConfigWind.htm
contents.htm
CoordToWin.htm
CrtCmHdlr.htm
CrtConsoleChan.htm
CrtErrHdlr.htm
CrtGenHdlr.htm
CrtImgType.htm
CrtItemType.htm
CrtPhImgFmt.htm
CrtSelHdlr.htm
CrtWindow.htm
DeleteImg.htm
DrawFocHlt.htm
EventHndlr.htm
FindPhoto.htm
FontId.htm
FreeXId.htm
GeomReq.htm
GetAnchor.htm
GetBitmap.htm
GetCapStyl.htm
GetClrmap.htm
GetColor.htm
GetCursor.htm
GetDash.htm
GetFont.htm
GetGC.htm
GetHINSTANCE.htm
GetHWND.htm
GetImage.htm
GetJoinStl.htm
GetJustify.htm
GetOption.htm
GetPixels.htm
GetPixmap.htm
GetRelief.htm
GetRootCrd.htm
GetScroll.htm
GetSelect.htm
GetUid.htm
GetVisual.htm
GetVRoot.htm
Grab.htm
HandleEvent.htm
HWNDToWindow.htm
IdToWindow.htm
ImgChanged.htm
Inactive.htm
InternAtom.htm
MainLoop.htm
MaintGeom.htm
MainWin.htm
ManageGeom.htm
MapWindow.htm
MeasureChar.htm
modules
MoveToplev.htm
Name.htm
NameOfImg.htm
OwnSelect.htm
ParseArgv.htm
QWinEvent.htm
Restack.htm
RestrictEv.htm
SetAppName.htm
SetCaret.htm
SetClass.htm
SetClassProcs.htm
SetGrid.htm
SetOptions.htm
SetVisual.htm
StrictMotif.htm
TextLayout.htm
Tk_Init.htm
TkInitStubs.htm
Tk_Main.htm
ttk_Geometry.htm
ttk_Theme.htm
WindowId.htm

/tools/microchip/Libero_SoC_2025.1/Libero_SoC/ModelSim_Pro/docs/tcl_help_html/TkLib/modules:
autoscroll
canvas
chatwidget
contents.html
crosshair
ctext
cursor
datefield
diagrams
getstring
history
ico
ipentry
khim
ntext
plotchart
swaplist
tablelist
tkpiechart
tooltip
widget

/tools/microchip/Libero_SoC_2025.1/Libero_SoC/ModelSim_Pro/docs/tcl_help_html/TkLib/modules/autoscroll:
autoscroll.html

/tools/microchip/Libero_SoC_2025.1/Libero_SoC/ModelSim_Pro/docs/tcl_help_html/TkLib/modules/canvas:
canvas_sqmap.html
canvas_zoom.html
contents.html

/tools/microchip/Libero_SoC_2025.1/Libero_SoC/ModelSim_Pro/docs/tcl_help_html/TkLib/modules/chatwidget:
chatwidget.html

/tools/microchip/Libero_SoC_2025.1/Libero_SoC/ModelSim_Pro/docs/tcl_help_html/TkLib/modules/crosshair:
crosshair.html

/tools/microchip/Libero_SoC_2025.1/Libero_SoC/ModelSim_Pro/docs/tcl_help_html/TkLib/modules/ctext:
ctext.html

/tools/microchip/Libero_SoC_2025.1/Libero_SoC/ModelSim_Pro/docs/tcl_help_html/TkLib/modules/cursor:
cursor.html

/tools/microchip/Libero_SoC_2025.1/Libero_SoC/ModelSim_Pro/docs/tcl_help_html/TkLib/modules/datefield:
datefield.html

/tools/microchip/Libero_SoC_2025.1/Libero_SoC/ModelSim_Pro/docs/tcl_help_html/TkLib/modules/diagrams:
draw_diagram.html

/tools/microchip/Libero_SoC_2025.1/Libero_SoC/ModelSim_Pro/docs/tcl_help_html/TkLib/modules/getstring:
tk_getString.html

/tools/microchip/Libero_SoC_2025.1/Libero_SoC/ModelSim_Pro/docs/tcl_help_html/TkLib/modules/history:
tklib_history.html

/tools/microchip/Libero_SoC_2025.1/Libero_SoC/ModelSim_Pro/docs/tcl_help_html/TkLib/modules/ico:
ico.html

/tools/microchip/Libero_SoC_2025.1/Libero_SoC/ModelSim_Pro/docs/tcl_help_html/TkLib/modules/ipentry:
ipentry.html

/tools/microchip/Libero_SoC_2025.1/Libero_SoC/ModelSim_Pro/docs/tcl_help_html/TkLib/modules/khim:
khim.html

/tools/microchip/Libero_SoC_2025.1/Libero_SoC/ModelSim_Pro/docs/tcl_help_html/TkLib/modules/ntext:
contents.html
ntextBindings.html
ntext.html
ntextIndent.html
ntextWordBreak.html

/tools/microchip/Libero_SoC_2025.1/Libero_SoC/ModelSim_Pro/docs/tcl_help_html/TkLib/modules/plotchart:
plotchart.html

/tools/microchip/Libero_SoC_2025.1/Libero_SoC/ModelSim_Pro/docs/tcl_help_html/TkLib/modules/swaplist:
swaplist.html

/tools/microchip/Libero_SoC_2025.1/Libero_SoC/ModelSim_Pro/docs/tcl_help_html/TkLib/modules/tablelist:
browse.png
bwidget.png
bwidget_tile.png
config.png
embeddedWindows.png
embeddedWindows_tile.png
index.html
styles.png
tablelistBinding.html
tablelistBWidget.html
tablelistColSort.html
tablelistCombobox.html
tablelist.html
tablelistIwidgets.html
tablelistMentry.html
tablelistThemes.html
tablelistTile.html
tablelistTkCore.html
tablelistWidget.html
tileWidgets.png

/tools/microchip/Libero_SoC_2025.1/Libero_SoC/ModelSim_Pro/docs/tcl_help_html/TkLib/modules/tkpiechart:
canvaslabel.html
contents.html
pieboxlabeler.html
pie.html
pieperipherallabeler.html

/tools/microchip/Libero_SoC_2025.1/Libero_SoC/ModelSim_Pro/docs/tcl_help_html/TkLib/modules/tooltip:
tooltip.html

/tools/microchip/Libero_SoC_2025.1/Libero_SoC/ModelSim_Pro/docs/tcl_help_html/TkLib/modules/widget:
contents.html
widget_calendar.html
widget.html
widget_toolbar.html

/tools/microchip/Libero_SoC_2025.1/Libero_SoC/ModelSim_Pro/docs/tcl_help_html/tktable:
tkTable.html

/tools/microchip/Libero_SoC_2025.1/Libero_SoC/ModelSim_Pro/docs/tcl_help_html/tktreectrl:
contents.html
treectrl.html
What-is-New-in-TkTreeCtrl.html

/tools/microchip/Libero_SoC_2025.1/Libero_SoC/ModelSim_Pro/docs/tcl_help_html/UserCmd:
contents.htm
tclsh.htm
wish.htm

/tools/microchip/Libero_SoC_2025.1/Libero_SoC/ModelSim_Pro/docs/technotes:
ieee_math.note
sysvlog.note
Verilog_VPI.note
vhdl2008migration.note
vhdl2019.note
vhdl_encryption.note
VHDL_fixedfloat.note

/tools/microchip/Libero_SoC_2025.1/Libero_SoC/ModelSim_Pro/docs/welcome:
top

/tools/microchip/Libero_SoC_2025.1/Libero_SoC/ModelSim_Pro/examples:
gui
systemverilog
tssi2mti
tutorials
UVM_Framework
vcd
verilog
vhdl

/tools/microchip/Libero_SoC_2025.1/Libero_SoC/ModelSim_Pro/examples/gui:
addmenu

/tools/microchip/Libero_SoC_2025.1/Libero_SoC/ModelSim_Pro/examples/gui/addmenu:
addmenu.do
modelsim.tcl

/tools/microchip/Libero_SoC_2025.1/Libero_SoC/ModelSim_Pro/examples/systemverilog:
dpi

/tools/microchip/Libero_SoC_2025.1/Libero_SoC/ModelSim_Pro/examples/systemverilog/dpi:
cpackages

/tools/microchip/Libero_SoC_2025.1/Libero_SoC/ModelSim_Pro/examples/systemverilog/dpi/cpackages:
README
run.do
sim.do
test.sv

/tools/microchip/Libero_SoC_2025.1/Libero_SoC/ModelSim_Pro/examples/tssi2mti:
bottom.vhd
middle.vhd
run.do
top.vhd
tssi2mti.c

/tools/microchip/Libero_SoC_2025.1/Libero_SoC/ModelSim_Pro/examples/tutorials:
misc
psl
verilog
vhdl

/tools/microchip/Libero_SoC_2025.1/Libero_SoC/ModelSim_Pro/examples/tutorials/misc:
tcl_tutorial
vidpoker

/tools/microchip/Libero_SoC_2025.1/Libero_SoC/ModelSim_Pro/examples/tutorials/misc/tcl_tutorial:
controls.tcl
hello.tcl
images
images.tcl
intersection.tcl
lights.tcl
originals
queues.tcl
solutions
state-machine.tcl
vhdl

/tools/microchip/Libero_SoC_2025.1/Libero_SoC/ModelSim_Pro/examples/tutorials/misc/tcl_tutorial/images:
example.gif
modelsim.gif
mti_mgc.gif
roground.gif
swirly.gif
tcl.gif
tk.gif

/tools/microchip/Libero_SoC_2025.1/Libero_SoC/ModelSim_Pro/examples/tutorials/misc/tcl_tutorial/originals:
controls.tcl
hello.tcl
images.tcl
intersection.tcl
lights.tcl
queues.tcl
state-machine.tcl

/tools/microchip/Libero_SoC_2025.1/Libero_SoC/ModelSim_Pro/examples/tutorials/misc/tcl_tutorial/solutions:
controls.tcl
images.tcl
intersection.tcl
lights.tcl
queues.tcl
state-machine.tcl
traffic.do

/tools/microchip/Libero_SoC_2025.1/Libero_SoC/ModelSim_Pro/examples/tutorials/misc/tcl_tutorial/vhdl:
queue.vhd
tb_traffic.vhd
traffic.vhd

/tools/microchip/Libero_SoC_2025.1/Libero_SoC/ModelSim_Pro/examples/tutorials/misc/vidpoker:
clock.v
compile.do
deck.v
Images
play.v
README
resolver.v
top.v
vidpoker.tcl

/tools/microchip/Libero_SoC_2025.1/Libero_SoC/ModelSim_Pro/examples/tutorials/misc/vidpoker/Images:
10c.gif
10d.gif
10h.gif
10s.gif
2c.gif
2d.gif
2h.gif
2s.gif
3c.gif
3d.gif
3h.gif
3s.gif
4c.gif
4d.gif
4h.gif
4s.gif
5c.gif
5d.gif
5h.gif
5s.gif
6c.gif
6d.gif
6h.gif
6s.gif
7c.gif
7d.gif
7h.gif
7s.gif
8c.gif
8d.gif
8h.gif
8s.gif
9c.gif
9d.gif
9h.gif
9s.gif
ac.gif
ad.gif
ah.gif
as.gif
back.gif
jacksbetterpayout.gif
jc.gif
jd.gif
jh.gif
js.gif
kc.gif
kd.gif
kh.gif
ks.gif
luckyrhino.gif
nocard.gif
qc.gif
qd.gif
qh.gif
qs.gif

/tools/microchip/Libero_SoC_2025.1/Libero_SoC/ModelSim_Pro/examples/tutorials/psl:
verilog
vhdl

/tools/microchip/Libero_SoC_2025.1/Libero_SoC/ModelSim_Pro/examples/tutorials/psl/verilog:
modeling

/tools/microchip/Libero_SoC_2025.1/Libero_SoC/ModelSim_Pro/examples/tutorials/psl/verilog/modeling:
dram_controller

/tools/microchip/Libero_SoC_2025.1/Libero_SoC/ModelSim_Pro/examples/tutorials/psl/verilog/modeling/dram_controller:
dram_cntrl.psl
dramcon_rtl.sv
dramcon_sim.v
dram_tb.psl
dram.v
run_nopsl.do

/tools/microchip/Libero_SoC_2025.1/Libero_SoC/ModelSim_Pro/examples/tutorials/psl/vhdl:
modeling

/tools/microchip/Libero_SoC_2025.1/Libero_SoC/ModelSim_Pro/examples/tutorials/psl/vhdl/modeling:
dram_controller

/tools/microchip/Libero_SoC_2025.1/Libero_SoC/ModelSim_Pro/examples/tutorials/psl/vhdl/modeling/dram_controller:
dram_cntrl.psl
dramcon_rtl.vhd
dramcon_sim.vhd
dram_tb.psl
dram.vhd
run_nopsl.do

/tools/microchip/Libero_SoC_2025.1/Libero_SoC/ModelSim_Pro/examples/tutorials/verilog:
automation
basicSimulation
libraries
projects

/tools/microchip/Libero_SoC_2025.1/Libero_SoC/ModelSim_Pro/examples/tutorials/verilog/automation:
counter.v
stim.do

/tools/microchip/Libero_SoC_2025.1/Libero_SoC/ModelSim_Pro/examples/tutorials/verilog/basicSimulation:
compile
counter.v
tcounter.v

/tools/microchip/Libero_SoC_2025.1/Libero_SoC/ModelSim_Pro/examples/tutorials/verilog/libraries:
compile
counter.v
tcounter.v

/tools/microchip/Libero_SoC_2025.1/Libero_SoC/ModelSim_Pro/examples/tutorials/verilog/projects:
counter.v
tcounter.v
verilog.mpf

/tools/microchip/Libero_SoC_2025.1/Libero_SoC/ModelSim_Pro/examples/tutorials/vhdl:
automation
basicSimulation
libraries
projects

/tools/microchip/Libero_SoC_2025.1/Libero_SoC/ModelSim_Pro/examples/tutorials/vhdl/automation:
counter.vhd
stim.do

/tools/microchip/Libero_SoC_2025.1/Libero_SoC/ModelSim_Pro/examples/tutorials/vhdl/basicSimulation:
compile
counter.vhd
tcounter.vhd

/tools/microchip/Libero_SoC_2025.1/Libero_SoC/ModelSim_Pro/examples/tutorials/vhdl/libraries:
compile
counter.vhd
tcounter.vhd

/tools/microchip/Libero_SoC_2025.1/Libero_SoC/ModelSim_Pro/examples/tutorials/vhdl/projects:
counter.vhd
tcounter.vhd
vhdl.mpf

/tools/microchip/Libero_SoC_2025.1/Libero_SoC/ModelSim_Pro/examples/UVM_Framework:
UVMF_2019.1
UVMF_2021.3

/tools/microchip/Libero_SoC_2025.1/Libero_SoC/ModelSim_Pro/examples/UVM_Framework/UVMF_2019.1:
base_examples
common
docs
release.INFO
scripts
templates
uvmf_base_pkg
vip_examples

/tools/microchip/Libero_SoC_2025.1/Libero_SoC/ModelSim_Pro/examples/UVM_Framework/UVMF_2019.1/base_examples:
project_benches
verification_ip

/tools/microchip/Libero_SoC_2025.1/Libero_SoC/ModelSim_Pro/examples/UVM_Framework/UVMF_2019.1/base_examples/project_benches:
ahb2spi
ahb2wb
alu
full_regression
gpio_example
wb2spi

/tools/microchip/Libero_SoC_2025.1/Libero_SoC/ModelSim_Pro/examples/UVM_Framework/UVMF_2019.1/base_examples/project_benches/ahb2spi:
docs
registers
rtl
sim
tb

/tools/microchip/Libero_SoC_2025.1/Libero_SoC/ModelSim_Pro/examples/UVM_Framework/UVMF_2019.1/base_examples/project_benches/ahb2spi/docs:
ahb2spi_bench_config.py
interfaces.csv
README.txt

/tools/microchip/Libero_SoC_2025.1/Libero_SoC/ModelSim_Pro/examples/UVM_Framework/UVMF_2019.1/base_examples/project_benches/ahb2spi/registers:
README.txt
s2wb_register_blocks.csv
s2wb_register_description.csv

/tools/microchip/Libero_SoC_2025.1/Libero_SoC/ModelSim_Pro/examples/UVM_Framework/UVMF_2019.1/base_examples/project_benches/ahb2spi/rtl:
rtl.vinfo
verilog
vhdl

/tools/microchip/Libero_SoC_2025.1/Libero_SoC/ModelSim_Pro/examples/UVM_Framework/UVMF_2019.1/base_examples/project_benches/ahb2spi/rtl/verilog:
ahb2spi.v
README.txt

/tools/microchip/Libero_SoC_2025.1/Libero_SoC/ModelSim_Pro/examples/UVM_Framework/UVMF_2019.1/base_examples/project_benches/ahb2spi/rtl/vhdl:
README.txt

/tools/microchip/Libero_SoC_2025.1/Libero_SoC/ModelSim_Pro/examples/UVM_Framework/UVMF_2019.1/base_examples/project_benches/ahb2spi/sim:
hdl.vf
hdl.vinfo
hvl.vf
hvl.vinfo
Makefile
run.do
testlist
transaction.config
veloce.config
viswave.do
wave.do
xwaves.sigs

/tools/microchip/Libero_SoC_2025.1/Libero_SoC/ModelSim_Pro/examples/UVM_Framework/UVMF_2019.1/base_examples/project_benches/ahb2spi/tb:
parameters
sequences
testbench
tests

/tools/microchip/Libero_SoC_2025.1/Libero_SoC/ModelSim_Pro/examples/UVM_Framework/UVMF_2019.1/base_examples/project_benches/ahb2spi/tb/parameters:
ahb2spi_parameters_pkg.sv
ahb2spi_parameters_pkg.vinfo

/tools/microchip/Libero_SoC_2025.1/Libero_SoC/ModelSim_Pro/examples/UVM_Framework/UVMF_2019.1/base_examples/project_benches/ahb2spi/tb/sequences:
ahb2spi_sequences_pkg.sv
ahb2spi_sequences_pkg.vinfo
src

/tools/microchip/Libero_SoC_2025.1/Libero_SoC/ModelSim_Pro/examples/UVM_Framework/UVMF_2019.1/base_examples/project_benches/ahb2spi/tb/sequences/src:
ahb2spi_bench_sequence_base.svh
ahb2spi_regmodel_sequence.svh
example_derived_test_sequence.svh
infact_bench_sequence.svh

/tools/microchip/Libero_SoC_2025.1/Libero_SoC/ModelSim_Pro/examples/UVM_Framework/UVMF_2019.1/base_examples/project_benches/ahb2spi/tb/testbench:
hdl_top.sv
hdl_top.vinfo
hvl_top.sv
hvl_top.vinfo
top_filelist_hdl.f
top_filelist_hvl.f

/tools/microchip/Libero_SoC_2025.1/Libero_SoC/ModelSim_Pro/examples/UVM_Framework/UVMF_2019.1/base_examples/project_benches/ahb2spi/tb/tests:
ahb2spi_test_pkg.sv
ahb2spi_test_pkg.vinfo
src

/tools/microchip/Libero_SoC_2025.1/Libero_SoC/ModelSim_Pro/examples/UVM_Framework/UVMF_2019.1/base_examples/project_benches/ahb2spi/tb/tests/src:
example_derived_test.svh
regmodel_test.svh
test_top.svh

/tools/microchip/Libero_SoC_2025.1/Libero_SoC/ModelSim_Pro/examples/UVM_Framework/UVMF_2019.1/base_examples/project_benches/ahb2wb:
docs
registers
rtl
sim
tb

/tools/microchip/Libero_SoC_2025.1/Libero_SoC/ModelSim_Pro/examples/UVM_Framework/UVMF_2019.1/base_examples/project_benches/ahb2wb/docs:
ahb2wb_bench_config.py
interfaces.csv
README.txt

/tools/microchip/Libero_SoC_2025.1/Libero_SoC/ModelSim_Pro/examples/UVM_Framework/UVMF_2019.1/base_examples/project_benches/ahb2wb/registers:
README.txt

/tools/microchip/Libero_SoC_2025.1/Libero_SoC/ModelSim_Pro/examples/UVM_Framework/UVMF_2019.1/base_examples/project_benches/ahb2wb/rtl:
rtl.vinfo
verilog
vhdl

/tools/microchip/Libero_SoC_2025.1/Libero_SoC/ModelSim_Pro/examples/UVM_Framework/UVMF_2019.1/base_examples/project_benches/ahb2wb/rtl/verilog:
ahb2wb.v
README.txt

/tools/microchip/Libero_SoC_2025.1/Libero_SoC/ModelSim_Pro/examples/UVM_Framework/UVMF_2019.1/base_examples/project_benches/ahb2wb/rtl/vhdl:
README.txt

/tools/microchip/Libero_SoC_2025.1/Libero_SoC/ModelSim_Pro/examples/UVM_Framework/UVMF_2019.1/base_examples/project_benches/ahb2wb/sim:
ahb2wb_reports_script.do
ahb2wb_TestPlan.xml
hdl.vf
hdl.vinfo
hvl.vf
hvl.vinfo
Makefile
run.do
testlist
transaction.config
veloce.config
wave.do

/tools/microchip/Libero_SoC_2025.1/Libero_SoC/ModelSim_Pro/examples/UVM_Framework/UVMF_2019.1/base_examples/project_benches/ahb2wb/tb:
parameters
sequences
testbench
tests

/tools/microchip/Libero_SoC_2025.1/Libero_SoC/ModelSim_Pro/examples/UVM_Framework/UVMF_2019.1/base_examples/project_benches/ahb2wb/tb/parameters:
ahb2wb_parameters_pkg.sv
ahb2wb_parameters_pkg.vinfo

/tools/microchip/Libero_SoC_2025.1/Libero_SoC/ModelSim_Pro/examples/UVM_Framework/UVMF_2019.1/base_examples/project_benches/ahb2wb/tb/sequences:
ahb2wb_sequences_pkg.sv
ahb2wb_sequences_pkg.vinfo
src

/tools/microchip/Libero_SoC_2025.1/Libero_SoC/ModelSim_Pro/examples/UVM_Framework/UVMF_2019.1/base_examples/project_benches/ahb2wb/tb/sequences/src:
ahb2wb_bench_sequence_base.svh
example_derived_test_sequence.svh
infact_bench_sequence.svh

/tools/microchip/Libero_SoC_2025.1/Libero_SoC/ModelSim_Pro/examples/UVM_Framework/UVMF_2019.1/base_examples/project_benches/ahb2wb/tb/testbench:
hdl_top.sv
hdl_top.vinfo
hvl_top.sv
hvl_top.vinfo
top_filelist_hdl.f
top_filelist_hvl.f

/tools/microchip/Libero_SoC_2025.1/Libero_SoC/ModelSim_Pro/examples/UVM_Framework/UVMF_2019.1/base_examples/project_benches/ahb2wb/tb/tests:
ahb2wb_test_pkg.sv
ahb2wb_test_pkg.vinfo
src

/tools/microchip/Libero_SoC_2025.1/Libero_SoC/ModelSim_Pro/examples/UVM_Framework/UVMF_2019.1/base_examples/project_benches/ahb2wb/tb/tests/src:
example_derived_test.svh
test_top.svh

/tools/microchip/Libero_SoC_2025.1/Libero_SoC/ModelSim_Pro/examples/UVM_Framework/UVMF_2019.1/base_examples/project_benches/alu:
rtl
sim
tb

/tools/microchip/Libero_SoC_2025.1/Libero_SoC/ModelSim_Pro/examples/UVM_Framework/UVMF_2019.1/base_examples/project_benches/alu/rtl:
rtl.vinfo
verilog

/tools/microchip/Libero_SoC_2025.1/Libero_SoC/ModelSim_Pro/examples/UVM_Framework/UVMF_2019.1/base_examples/project_benches/alu/rtl/verilog:
alu.v

/tools/microchip/Libero_SoC_2025.1/Libero_SoC/ModelSim_Pro/examples/UVM_Framework/UVMF_2019.1/base_examples/project_benches/alu/sim:
hdl.vf
hdl.vinfo
hvl.vf
hvl.vinfo
Makefile
run.do
sim.vinfo
testlist
transaction.config
veloce.config
wave.do

/tools/microchip/Libero_SoC_2025.1/Libero_SoC/ModelSim_Pro/examples/UVM_Framework/UVMF_2019.1/base_examples/project_benches/alu/tb:
parameters
sequences
testbench
tests

/tools/microchip/Libero_SoC_2025.1/Libero_SoC/ModelSim_Pro/examples/UVM_Framework/UVMF_2019.1/base_examples/project_benches/alu/tb/parameters:
alu_parameters_pkg.sv
alu_parameters_pkg.vinfo

/tools/microchip/Libero_SoC_2025.1/Libero_SoC/ModelSim_Pro/examples/UVM_Framework/UVMF_2019.1/base_examples/project_benches/alu/tb/sequences:
alu_sequences_pkg.sv
alu_sequences_pkg.vinfo
src

/tools/microchip/Libero_SoC_2025.1/Libero_SoC/ModelSim_Pro/examples/UVM_Framework/UVMF_2019.1/base_examples/project_benches/alu/tb/sequences/src:
alu_random_sequence.svh
alu_sequence_base.svh
example_derived_test_sequence.svh

/tools/microchip/Libero_SoC_2025.1/Libero_SoC/ModelSim_Pro/examples/UVM_Framework/UVMF_2019.1/base_examples/project_benches/alu/tb/testbench:
hdl_top.sv
hdl_top.vinfo
hvl_top.sv
hvl_top.vinfo
top_filelist_hdl.f
top_filelist_hvl.f

/tools/microchip/Libero_SoC_2025.1/Libero_SoC/ModelSim_Pro/examples/UVM_Framework/UVMF_2019.1/base_examples/project_benches/alu/tb/tests:
alu_test_pkg.sv
alu_test_pkg.vinfo
src

/tools/microchip/Libero_SoC_2025.1/Libero_SoC/ModelSim_Pro/examples/UVM_Framework/UVMF_2019.1/base_examples/project_benches/alu/tb/tests/src:
alu_random_test.svh
test_top.svh
test_typedefs.svh
will_always_fail.svh

/tools/microchip/Libero_SoC_2025.1/Libero_SoC/ModelSim_Pro/examples/UVM_Framework/UVMF_2019.1/base_examples/project_benches/full_regression:
sim

/tools/microchip/Libero_SoC_2025.1/Libero_SoC/ModelSim_Pro/examples/UVM_Framework/UVMF_2019.1/base_examples/project_benches/full_regression/sim:
Makefile
testlist

/tools/microchip/Libero_SoC_2025.1/Libero_SoC/ModelSim_Pro/examples/UVM_Framework/UVMF_2019.1/base_examples/project_benches/gpio_example:
docs
registers
rtl
sim
tb

/tools/microchip/Libero_SoC_2025.1/Libero_SoC/ModelSim_Pro/examples/UVM_Framework/UVMF_2019.1/base_examples/project_benches/gpio_example/docs:
gpio_example_ben.py
interfaces.csv
README.txt

/tools/microchip/Libero_SoC_2025.1/Libero_SoC/ModelSim_Pro/examples/UVM_Framework/UVMF_2019.1/base_examples/project_benches/gpio_example/registers:
README.txt

/tools/microchip/Libero_SoC_2025.1/Libero_SoC/ModelSim_Pro/examples/UVM_Framework/UVMF_2019.1/base_examples/project_benches/gpio_example/rtl:
rtl.vinfo
verilog
vhdl

/tools/microchip/Libero_SoC_2025.1/Libero_SoC/ModelSim_Pro/examples/UVM_Framework/UVMF_2019.1/base_examples/project_benches/gpio_example/rtl/verilog:
README.txt

/tools/microchip/Libero_SoC_2025.1/Libero_SoC/ModelSim_Pro/examples/UVM_Framework/UVMF_2019.1/base_examples/project_benches/gpio_example/rtl/vhdl:
README.txt

/tools/microchip/Libero_SoC_2025.1/Libero_SoC/ModelSim_Pro/examples/UVM_Framework/UVMF_2019.1/base_examples/project_benches/gpio_example/sim:
hdl.vf
hdl.vinfo
hvl.vf
hvl.vinfo
Makefile
run.do
sim.vinfo
testlist
veloce.config
wave.do

/tools/microchip/Libero_SoC_2025.1/Libero_SoC/ModelSim_Pro/examples/UVM_Framework/UVMF_2019.1/base_examples/project_benches/gpio_example/tb:
parameters
sequences
testbench
tests

/tools/microchip/Libero_SoC_2025.1/Libero_SoC/ModelSim_Pro/examples/UVM_Framework/UVMF_2019.1/base_examples/project_benches/gpio_example/tb/parameters:
gpio_example_parameters_pkg.sv
gpio_example_parameters_pkg.vinfo

/tools/microchip/Libero_SoC_2025.1/Libero_SoC/ModelSim_Pro/examples/UVM_Framework/UVMF_2019.1/base_examples/project_benches/gpio_example/tb/sequences:
gpio_example_sequences_pkg.sv
gpio_example_sequences_pkg.vinfo
src

/tools/microchip/Libero_SoC_2025.1/Libero_SoC/ModelSim_Pro/examples/UVM_Framework/UVMF_2019.1/base_examples/project_benches/gpio_example/tb/sequences/src:
example_derived_test_sequence.svh
gpio_example_bench_sequence_base.svh
gpio_gpio_sequence.svh
infact_bench_sequence.svh

/tools/microchip/Libero_SoC_2025.1/Libero_SoC/ModelSim_Pro/examples/UVM_Framework/UVMF_2019.1/base_examples/project_benches/gpio_example/tb/testbench:
hdl_top.sv
hdl_top.vinfo
hvl_top.sv
hvl_top.vinfo
top_filelist_hdl.f
top_filelist_hvl.f

/tools/microchip/Libero_SoC_2025.1/Libero_SoC/ModelSim_Pro/examples/UVM_Framework/UVMF_2019.1/base_examples/project_benches/gpio_example/tb/tests:
gpio_example_test_pkg.sv
gpio_example_test_pkg.vinfo
src

/tools/microchip/Libero_SoC_2025.1/Libero_SoC/ModelSim_Pro/examples/UVM_Framework/UVMF_2019.1/base_examples/project_benches/gpio_example/tb/tests/src:
example_derived_test.svh
test_top.svh

/tools/microchip/Libero_SoC_2025.1/Libero_SoC/ModelSim_Pro/examples/UVM_Framework/UVMF_2019.1/base_examples/project_benches/wb2spi:
docs
registers
rtl
sim
tb

/tools/microchip/Libero_SoC_2025.1/Libero_SoC/ModelSim_Pro/examples/UVM_Framework/UVMF_2019.1/base_examples/project_benches/wb2spi/docs:
interfaces.csv
README.txt
wb2spi_bench_config.py
WB_SOC_VAD0.6.doc

/tools/microchip/Libero_SoC_2025.1/Libero_SoC/ModelSim_Pro/examples/UVM_Framework/UVMF_2019.1/base_examples/project_benches/wb2spi/registers:
ctrl.rcf
html
README.txt
s2wb_register_blocks.csv
s2wb_register_description.csv

/tools/microchip/Libero_SoC_2025.1/Libero_SoC/ModelSim_Pro/examples/UVM_Framework/UVMF_2019.1/base_examples/project_benches/wb2spi/registers/html:
dottedangle.gif
dotted.gif
index2.html
index.html
index_registers.html
Registers
style.css

/tools/microchip/Libero_SoC_2025.1/Libero_SoC/ModelSim_Pro/examples/UVM_Framework/UVMF_2019.1/base_examples/project_benches/wb2spi/registers/html/Registers:
addrmap_swb_reg_block_swb_map.html
mem_swb_reg_block.html
reg_SPCR.html
reg_SPDR.html
reg_SPER.html
reg_SPSR.html

/tools/microchip/Libero_SoC_2025.1/Libero_SoC/ModelSim_Pro/examples/UVM_Framework/UVMF_2019.1/base_examples/project_benches/wb2spi/rtl:
rtl.vinfo
verilog
vhdl

/tools/microchip/Libero_SoC_2025.1/Libero_SoC/ModelSim_Pro/examples/UVM_Framework/UVMF_2019.1/base_examples/project_benches/wb2spi/rtl/verilog:
README.txt
wb2spi.v

/tools/microchip/Libero_SoC_2025.1/Libero_SoC/ModelSim_Pro/examples/UVM_Framework/UVMF_2019.1/base_examples/project_benches/wb2spi/rtl/vhdl:
README.txt

/tools/microchip/Libero_SoC_2025.1/Libero_SoC/ModelSim_Pro/examples/UVM_Framework/UVMF_2019.1/base_examples/project_benches/wb2spi/sim:
hdl.vf
hdl.vinfo
hvl.vf
hvl.vinfo
Makefile
run.do
testlist
veloce.config
wave.do

/tools/microchip/Libero_SoC_2025.1/Libero_SoC/ModelSim_Pro/examples/UVM_Framework/UVMF_2019.1/base_examples/project_benches/wb2spi/tb:
parameters
sequences
testbench
tests

/tools/microchip/Libero_SoC_2025.1/Libero_SoC/ModelSim_Pro/examples/UVM_Framework/UVMF_2019.1/base_examples/project_benches/wb2spi/tb/parameters:
wb2spi_parameters_pkg.sv
wb2spi_parameters_pkg.vinfo

/tools/microchip/Libero_SoC_2025.1/Libero_SoC/ModelSim_Pro/examples/UVM_Framework/UVMF_2019.1/base_examples/project_benches/wb2spi/tb/sequences:
src
wb2spi_sequences_pkg.sv
wb2spi_sequences_pkg.vinfo

/tools/microchip/Libero_SoC_2025.1/Libero_SoC/ModelSim_Pro/examples/UVM_Framework/UVMF_2019.1/base_examples/project_benches/wb2spi/tb/sequences/src:
example_derived_test_sequence.svh
infact_bench_sequence.svh
wb2spi_bench_sequence_base.svh
wb2spi_regmodel_sequence.svh

/tools/microchip/Libero_SoC_2025.1/Libero_SoC/ModelSim_Pro/examples/UVM_Framework/UVMF_2019.1/base_examples/project_benches/wb2spi/tb/testbench:
hdl_top.sv
hdl_top.vinfo
hvl_top.sv
hvl_top.vinfo
top_filelist_hdl.f
top_filelist_hvl.f

/tools/microchip/Libero_SoC_2025.1/Libero_SoC/ModelSim_Pro/examples/UVM_Framework/UVMF_2019.1/base_examples/project_benches/wb2spi/tb/tests:
src
wb2spi_test_pkg.sv
wb2spi_test_pkg.vinfo

/tools/microchip/Libero_SoC_2025.1/Libero_SoC/ModelSim_Pro/examples/UVM_Framework/UVMF_2019.1/base_examples/project_benches/wb2spi/tb/tests/src:
example_derived_test.svh
regmodel_test.svh
test_top.svh

/tools/microchip/Libero_SoC_2025.1/Libero_SoC/ModelSim_Pro/examples/UVM_Framework/UVMF_2019.1/base_examples/verification_ip:
environment_packages
interface_packages

/tools/microchip/Libero_SoC_2025.1/Libero_SoC/ModelSim_Pro/examples/UVM_Framework/UVMF_2019.1/base_examples/verification_ip/environment_packages:
ahb2spi_env_pkg
ahb2wb_env_pkg
alu_env_pkg
gpio_example_env_pkg
wb2spi_env_pkg

/tools/microchip/Libero_SoC_2025.1/Libero_SoC/ModelSim_Pro/examples/UVM_Framework/UVMF_2019.1/base_examples/verification_ip/environment_packages/ahb2spi_env_pkg:
ahb2spi_env_config.py
ahb2spi_env_pkg.sv
ahb2spi_env_pkg.vinfo
Makefile
registers
src

/tools/microchip/Libero_SoC_2025.1/Libero_SoC/ModelSim_Pro/examples/UVM_Framework/UVMF_2019.1/base_examples/verification_ip/environment_packages/ahb2spi_env_pkg/registers:
ahb2spi_reg_pkg.sv
Makefile
register_blocks.csv

/tools/microchip/Libero_SoC_2025.1/Libero_SoC/ModelSim_Pro/examples/UVM_Framework/UVMF_2019.1/base_examples/verification_ip/environment_packages/ahb2spi_env_pkg/src:
ahb2spi_env_configuration.svh
ahb2spi_environment.svh
ahb2spi_env_sequence_base.svh
ahb2spi_infact_env_sequence.svh

/tools/microchip/Libero_SoC_2025.1/Libero_SoC/ModelSim_Pro/examples/UVM_Framework/UVMF_2019.1/base_examples/verification_ip/environment_packages/ahb2wb_env_pkg:
ahb2wb_env_config.py
ahb2wb_env_pkg.sv
ahb2wb_env_pkg.vinfo
Makefile
src

/tools/microchip/Libero_SoC_2025.1/Libero_SoC/ModelSim_Pro/examples/UVM_Framework/UVMF_2019.1/base_examples/verification_ip/environment_packages/ahb2wb_env_pkg/src:
ahb2wb_env_configuration.svh
ahb2wb_environment.svh
ahb2wb_env_sequence_base.svh
ahb2wb_infact_env_sequence.svh
ahb2wb_predictor.svh
wb2ahb_predictor.svh

/tools/microchip/Libero_SoC_2025.1/Libero_SoC/ModelSim_Pro/examples/UVM_Framework/UVMF_2019.1/base_examples/verification_ip/environment_packages/alu_env_pkg:
alu_env_pkg.sv
alu_env_pkg.vinfo
Makefile
src

/tools/microchip/Libero_SoC_2025.1/Libero_SoC/ModelSim_Pro/examples/UVM_Framework/UVMF_2019.1/base_examples/verification_ip/environment_packages/alu_env_pkg/src:
alu_configuration.svh
alu_environment.svh
alu_env_sequence_base.svh
alu_predictor.svh
alu_vista_predictor.svh
uvm_tlm_target_socket_decl.svh

/tools/microchip/Libero_SoC_2025.1/Libero_SoC/ModelSim_Pro/examples/UVM_Framework/UVMF_2019.1/base_examples/verification_ip/environment_packages/gpio_example_env_pkg:
gpio_example_env_pkg.sv
gpio_example_env_pkg.vinfo
gpio_example_env.py
Makefile
src

/tools/microchip/Libero_SoC_2025.1/Libero_SoC/ModelSim_Pro/examples/UVM_Framework/UVMF_2019.1/base_examples/verification_ip/environment_packages/gpio_example_env_pkg/src:
gpio_example_env_configuration.svh
gpio_example_environment.svh
gpio_example_env_sequence_base.svh
gpio_example_infact_env_sequence.svh

/tools/microchip/Libero_SoC_2025.1/Libero_SoC/ModelSim_Pro/examples/UVM_Framework/UVMF_2019.1/base_examples/verification_ip/environment_packages/wb2spi_env_pkg:
Makefile
registers
src
wb2spi_env_config.py
wb2spi_env_pkg.sv
wb2spi_env_pkg.vinfo

/tools/microchip/Libero_SoC_2025.1/Libero_SoC/ModelSim_Pro/examples/UVM_Framework/UVMF_2019.1/base_examples/verification_ip/environment_packages/wb2spi_env_pkg/registers:
Makefile
register_blocks.csv
register_description.csv
wb2spi_registers.py
wb2spi_reg_pkg.sv

/tools/microchip/Libero_SoC_2025.1/Libero_SoC/ModelSim_Pro/examples/UVM_Framework/UVMF_2019.1/base_examples/verification_ip/environment_packages/wb2spi_env_pkg/src:
wb2spi_env_configuration.svh
wb2spi_environment.svh
wb2spi_env_sequence_base.svh
wb2spi_infact_env_sequence.svh
wb2spi_predictor.svh

/tools/microchip/Libero_SoC_2025.1/Libero_SoC/ModelSim_Pro/examples/UVM_Framework/UVMF_2019.1/base_examples/verification_ip/interface_packages:
ahb_pkg
alu_in_pkg
alu_out_pkg
gpio_pkg
spi_pkg
wb_pkg

/tools/microchip/Libero_SoC_2025.1/Libero_SoC/ModelSim_Pro/examples/UVM_Framework/UVMF_2019.1/base_examples/verification_ip/interface_packages/ahb_pkg:
ahb_filelist_hdl.f
ahb_filelist_hvl.f
ahb_if_config.py
ahb_pkg_hdl.sv
ahb_pkg_hdl.vinfo
ahb_pkg.sv
ahb_pkg.vinfo
Makefile
src

/tools/microchip/Libero_SoC_2025.1/Libero_SoC/ModelSim_Pro/examples/UVM_Framework/UVMF_2019.1/base_examples/verification_ip/interface_packages/ahb_pkg/src:
ahb2reg_adapter.svh
ahb_configuration.svh
ahb_driver_bfm.sv
ahb_driver.svh
ahb_if.sv
ahb_infact_sequence.svh
ahb_master_access_sequence.svh
ahb_monitor_bfm.sv
ahb_monitor.svh
ahb_random_sequence.svh
ahb_sequence_base.svh
ahb_transaction_coverage.svh
ahb_transaction.svh
ahb_typedefs_hdl.svh
ahb_typedefs.svh

/tools/microchip/Libero_SoC_2025.1/Libero_SoC/ModelSim_Pro/examples/UVM_Framework/UVMF_2019.1/base_examples/verification_ip/interface_packages/alu_in_pkg:
alu_in_filelist_hdl.f
alu_in_filelist_hvl.f
alu_in_pkg_hdl.sv
alu_in_pkg.sv
alu_in_pkg.vinfo
doc
Makefile
src

/tools/microchip/Libero_SoC_2025.1/Libero_SoC/ModelSim_Pro/examples/UVM_Framework/UVMF_2019.1/base_examples/verification_ip/interface_packages/alu_in_pkg/doc:
amba_spec.pdf

/tools/microchip/Libero_SoC_2025.1/Libero_SoC/ModelSim_Pro/examples/UVM_Framework/UVMF_2019.1/base_examples/verification_ip/interface_packages/alu_in_pkg/src:
alu_in_configuration.svh
alu_in_driver_bfm.sv
alu_in_driver.svh
alu_in_if.sv
alu_in_monitor_bfm.sv
alu_in_monitor.svh
alu_in_random_sequence.svh
alu_in_reset_sequence.svh
alu_in_sequence_base.svh
alu_in_transaction_coverage.svh
alu_in_transaction.svh
alu_in_typedefs_hdl.svh
alu_in_typedefs.svh
alu_vista_in_sequence.svh
uvmc_vista_stimulus_bridge.svh
uvm_tlm_target_socket_decl.svh

/tools/microchip/Libero_SoC_2025.1/Libero_SoC/ModelSim_Pro/examples/UVM_Framework/UVMF_2019.1/base_examples/verification_ip/interface_packages/alu_out_pkg:
alu_out_filelist_hdl.f
alu_out_filelist_hvl.f
alu_out_pkg_hdl.sv
alu_out_pkg.sv
alu_out_pkg.vinfo
doc
Makefile
src

/tools/microchip/Libero_SoC_2025.1/Libero_SoC/ModelSim_Pro/examples/UVM_Framework/UVMF_2019.1/base_examples/verification_ip/interface_packages/alu_out_pkg/doc:
amba_spec.pdf

/tools/microchip/Libero_SoC_2025.1/Libero_SoC/ModelSim_Pro/examples/UVM_Framework/UVMF_2019.1/base_examples/verification_ip/interface_packages/alu_out_pkg/src:
alu_out_configuration.svh
alu_out_driver_bfm.sv
alu_out_driver.svh
alu_out_if.sv
alu_out_monitor_bfm.sv
alu_out_monitor.svh
alu_out_sequence_base.svh
alu_out_transaction_coverage.svh
alu_out_transaction.svh
alu_out_typedefs_hdl.svh
alu_out_typedefs.svh

/tools/microchip/Libero_SoC_2025.1/Libero_SoC/ModelSim_Pro/examples/UVM_Framework/UVMF_2019.1/base_examples/verification_ip/interface_packages/gpio_pkg:
gpio_filelist_hdl.f
gpio_filelist_hvl.f
gpio_if_cfg.yaml
gpio_pkg_hdl.sv
gpio_pkg_hdl.vinfo
gpio_pkg.sv
gpio_pkg.vinfo
Makefile
src

/tools/microchip/Libero_SoC_2025.1/Libero_SoC/ModelSim_Pro/examples/UVM_Framework/UVMF_2019.1/base_examples/verification_ip/interface_packages/gpio_pkg/src:
gpio_agent.svh
gpio_configuration.svh
gpio_driver_bfm.sv
gpio_driver.svh
gpio_if.sv
gpio_monitor_bfm.sv
gpio_monitor.svh
gpio_random_sequence.svh
gpio_sequence_base.svh
gpio_sequence.svh
gpio_transaction_coverage.svh
gpio_transaction.svh
gpio_typedefs_hdl.svh
gpio_typedefs.svh

/tools/microchip/Libero_SoC_2025.1/Libero_SoC/ModelSim_Pro/examples/UVM_Framework/UVMF_2019.1/base_examples/verification_ip/interface_packages/spi_pkg:
doc
Makefile
spi_filelist_hdl.f
spi_filelist_hvl.f
spi_pkg_hdl.sv
spi_pkg_hdl.vinfo
spi_pkg.sv
spi_pkg.vinfo
src

/tools/microchip/Libero_SoC_2025.1/Libero_SoC/ModelSim_Pro/examples/UVM_Framework/UVMF_2019.1/base_examples/verification_ip/interface_packages/spi_pkg/doc:
spi_if_wiring.pdf

/tools/microchip/Libero_SoC_2025.1/Libero_SoC/ModelSim_Pro/examples/UVM_Framework/UVMF_2019.1/base_examples/verification_ip/interface_packages/spi_pkg/src:
spi_configuration.svh
spi_driver_bfm.sv
spi_driver.svh
spi_if.sv
spi_master_seq.svh
spi_mem_slave_seq.svh
spi_mem_slave_transaction_coverage.svh
spi_mem_slave_transaction.svh
spi_mem_slave_transaction_viewer.svh
spi_monitor_bfm.sv
spi_monitor.svh
spi_sequence_base.svh
spi_transaction_coverage.svh
spi_transaction.svh
spi_typedefs_hdl.svh
spi_typedefs.svh

/tools/microchip/Libero_SoC_2025.1/Libero_SoC/ModelSim_Pro/examples/UVM_Framework/UVMF_2019.1/base_examples/verification_ip/interface_packages/wb_pkg:
Makefile
src
wb_filelist_hdl.f
wb_filelist_hvl.f
wb_pkg_hdl.sv
wb_pkg_hdl.vinfo
wb_pkg.sv
wb_pkg.vinfo

/tools/microchip/Libero_SoC_2025.1/Libero_SoC/ModelSim_Pro/examples/UVM_Framework/UVMF_2019.1/base_examples/verification_ip/interface_packages/wb_pkg/src:
wb2reg_adapter.svh
wb_agent.svh
wb_configuration.svh
wb_driver_bfm.sv
wb_driver.svh
wb_if.sv
wb_infact_sequence.svh
wb_master_access_sequence.svh
wb_memory_slave_sequence.svh
wb_monitor_bfm.sv
wb_monitor.svh
wb_random_sequence.svh
wb_reset_sequence.svh
wb_sequence_base.svh
wb_slave_access_sequence.svh
wb_transaction_coverage.svh
wb_transaction.svh
wb_typedefs_hdl.svh
wb_typedefs.svh

/tools/microchip/Libero_SoC_2025.1/Libero_SoC/ModelSim_Pro/examples/UVM_Framework/UVMF_2019.1/common:
common_sve.f
dpi_link_pkg
fli_pkg
mgc_vip
modules
sv_connect
utility_packages
uvmc
uvm_co_emulation_utilities

/tools/microchip/Libero_SoC_2025.1/Libero_SoC/ModelSim_Pro/examples/UVM_Framework/UVMF_2019.1/common/dpi_link_pkg:
doc
dpi_link.cpp
dpi_link_event.svh
dpi_link.h
dpi_link_imports.svh
dpi_link_macros.svh
dpi_link_o.mk
dpi_link_pkg.sv
dpi_link_pkg.vf
dpi_link_pkg.vinfo
dpi_link_proxy.svh
dpi_link_uvmf_imports.svh
Makefile
mcd_macros.svh
uvmf_tc.cpp

/tools/microchip/Libero_SoC_2025.1/Libero_SoC/ModelSim_Pro/examples/UVM_Framework/UVMF_2019.1/common/dpi_link_pkg/doc:
DPI_Link_Users_Guide.html

/tools/microchip/Libero_SoC_2025.1/Libero_SoC/ModelSim_Pro/examples/UVM_Framework/UVMF_2019.1/common/fli_pkg:
fli_pkg.sv
fli_pkg.vinfo
Makefile
src

/tools/microchip/Libero_SoC_2025.1/Libero_SoC/ModelSim_Pro/examples/UVM_Framework/UVMF_2019.1/common/fli_pkg/src:
fli.svh

/tools/microchip/Libero_SoC_2025.1/Libero_SoC/ModelSim_Pro/examples/UVM_Framework/UVMF_2019.1/common/mgc_vip:
ace
ahb
apb
axi
axi4
axi4stream
axi4_v2
ethernet

/tools/microchip/Libero_SoC_2025.1/Libero_SoC/ModelSim_Pro/examples/UVM_Framework/UVMF_2019.1/common/mgc_vip/ace:
mgc_ace_hvl.svh
mgc_ace_master_hdl.sv
mgc_ace_master_hdl.sv.new
mgc_ace_master_hvl.sv
mgc_ace_monitor_hdl.sv
mgc_ace_monitor_hvl.sv
mgc_ace_signal_if.sv
mgc_ace_slave_hdl.sv
mgc_ace_slave_hvl.sv
mgc_ace_v2_signal_if.sv

/tools/microchip/Libero_SoC_2025.1/Libero_SoC/ModelSim_Pro/examples/UVM_Framework/UVMF_2019.1/common/mgc_vip/ahb:
mgc_ahb_hvl.svh
mgc_ahb_master_hdl.sv
mgc_ahb_master_hvl.sv
mgc_ahb_module_hvl.sv
mgc_ahb_signal_if.sv
mgc_ahb_slave_hdl.sv
mgc_ahb_slave_hvl.sv

/tools/microchip/Libero_SoC_2025.1/Libero_SoC/ModelSim_Pro/examples/UVM_Framework/UVMF_2019.1/common/mgc_vip/apb:
apb_master_hdl_wrapper.sv
apb_master_hvl_wrapper.sv
apb_monitor_hdl_wrapper.sv
apb_monitor_hvl_wrapper.sv

/tools/microchip/Libero_SoC_2025.1/Libero_SoC/ModelSim_Pro/examples/UVM_Framework/UVMF_2019.1/common/mgc_vip/axi:
mgc_axi_hvl.svh
mgc_axi_master_hdl.sv
mgc_axi_master_hdl.sv.new
mgc_axi_master_hvl.sv
mgc_axi_monitor_hdl.sv
mgc_axi_monitor_hvl.sv
mgc_axi_signal_if.sv
mgc_axi_slave_hdl.sv
mgc_axi_slave_hvl.sv

/tools/microchip/Libero_SoC_2025.1/Libero_SoC/ModelSim_Pro/examples/UVM_Framework/UVMF_2019.1/common/mgc_vip/axi4:
mgc_axi4_hvl.svh
mgc_axi4_master_hdl.sv
mgc_axi4_master_hdl.sv.new
mgc_axi4_master_hvl.sv
mgc_axi4_monitor_hdl.sv
mgc_axi4_monitor_hvl.sv
mgc_axi4_signal_if.sv
mgc_axi4_slave_hdl.sv
mgc_axi4_slave_hvl.sv

/tools/microchip/Libero_SoC_2025.1/Libero_SoC/ModelSim_Pro/examples/UVM_Framework/UVMF_2019.1/common/mgc_vip/axi4stream:
axi4stream_master_hdl_wrapper.sv
axi4stream_master_hvl_wrapper.sv
axi4stream_monitor_hdl_wrapper.sv
axi4stream_monitor_hvl_wrapper.sv
axi4stream_slave_hdl_wrapper.sv
axi4stream_slave_hvl_wrapper.sv

/tools/microchip/Libero_SoC_2025.1/Libero_SoC/ModelSim_Pro/examples/UVM_Framework/UVMF_2019.1/common/mgc_vip/axi4_v2:
mgc_axi4_hvl.svh
mgc_axi4_master_hdl.sv
mgc_axi4_master_hdl.sv.new
mgc_axi4_master_hvl.sv
mgc_axi4_monitor_hdl.sv
mgc_axi4_monitor_hvl.sv
mgc_axi4_signal_if.sv
mgc_axi4_slave_hdl.sv
mgc_axi4_slave_hvl.sv

/tools/microchip/Libero_SoC_2025.1/Libero_SoC/ModelSim_Pro/examples/UVM_Framework/UVMF_2019.1/common/mgc_vip/ethernet:
mgc_ethernet_device_hdl.sv
mgc_ethernet_hvl.sv
mgc_ethernet_mac_hdl.sv
mgc_ethernet_signal_if.sv

/tools/microchip/Libero_SoC_2025.1/Libero_SoC/ModelSim_Pro/examples/UVM_Framework/UVMF_2019.1/common/modules:
ahb_master.v
ahb_memory_slave_module_hdl.sv
ahb_memory_slave_module_hvl.sv
ahb_memory_slave_module.sv
ahb_slave.v
apb3_memory_slave_module.sv
AXI_slave_v.v

/tools/microchip/Libero_SoC_2025.1/Libero_SoC/ModelSim_Pro/examples/UVM_Framework/UVMF_2019.1/common/sv_connect:
hvl
lib
Makefile

/tools/microchip/Libero_SoC_2025.1/Libero_SoC/ModelSim_Pro/examples/UVM_Framework/UVMF_2019.1/common/sv_connect/hvl:
svdpi.sv

/tools/microchip/Libero_SoC_2025.1/Libero_SoC/ModelSim_Pro/examples/UVM_Framework/UVMF_2019.1/common/sv_connect/lib:
linux_el30_gnu4
linux_el30_gnu450
linux_el30_gnu450_x86_64
linux_el30_gnu4_x86_64

/tools/microchip/Libero_SoC_2025.1/Libero_SoC/ModelSim_Pro/examples/UVM_Framework/UVMF_2019.1/common/sv_connect/lib/linux_el30_gnu4:
sv_connect_vpi.so

/tools/microchip/Libero_SoC_2025.1/Libero_SoC/ModelSim_Pro/examples/UVM_Framework/UVMF_2019.1/common/sv_connect/lib/linux_el30_gnu450:
sv_connect_vpi.so

/tools/microchip/Libero_SoC_2025.1/Libero_SoC/ModelSim_Pro/examples/UVM_Framework/UVMF_2019.1/common/sv_connect/lib/linux_el30_gnu450_x86_64:
sv_connect_vpi.so

/tools/microchip/Libero_SoC_2025.1/Libero_SoC/ModelSim_Pro/examples/UVM_Framework/UVMF_2019.1/common/sv_connect/lib/linux_el30_gnu4_x86_64:
sv_connect_vpi.so

/tools/microchip/Libero_SoC_2025.1/Libero_SoC/ModelSim_Pro/examples/UVM_Framework/UVMF_2019.1/common/utility_packages:
qvip_utils_pkg

/tools/microchip/Libero_SoC_2025.1/Libero_SoC/ModelSim_Pro/examples/UVM_Framework/UVMF_2019.1/common/utility_packages/qvip_utils_pkg:
Makefile
qvip_utils_pkg.sv
src

/tools/microchip/Libero_SoC_2025.1/Libero_SoC/ModelSim_Pro/examples/UVM_Framework/UVMF_2019.1/common/utility_packages/qvip_utils_pkg/src:
qvip_agent_adapter.svh
qvip_ahb_parameters.svh
qvip_axi3_parameters.svh
qvip_memory_agent.svh
qvip_pcie_parameters.svh

/tools/microchip/Libero_SoC_2025.1/Libero_SoC/ModelSim_Pro/examples/UVM_Framework/UVMF_2019.1/common/uvmc:
Makefile

/tools/microchip/Libero_SoC_2025.1/Libero_SoC/ModelSim_Pro/examples/UVM_Framework/UVMF_2019.1/common/uvm_co_emulation_utilities:
clock_filelist_hdl.f
clock_filelist_hvl.f
clock_pkg_hdl.vinfo
clock_pkg_hvl.vinfo
Makefile
memload_filelist_hdl.f
memload_filelist_hvl.f
reset_filelist_hdl.f
reset_filelist_hvl.f
reset_pkg_hdl.vinfo
reset_pkg_hvl.vinfo
uvm_co-emulation_utilities

/tools/microchip/Libero_SoC_2025.1/Libero_SoC/ModelSim_Pro/examples/UVM_Framework/UVMF_2019.1/common/uvm_co_emulation_utilities/uvm_co-emulation_utilities:
Makefile
tests
utils
UVM_Co-Emulation_Utility_Library_User_Guide.pdf
version

/tools/microchip/Libero_SoC_2025.1/Libero_SoC/ModelSim_Pro/examples/UVM_Framework/UVMF_2019.1/common/uvm_co_emulation_utilities/uvm_co-emulation_utilities/tests:
clock_tester
reg_access_file_test

/tools/microchip/Libero_SoC_2025.1/Libero_SoC/ModelSim_Pro/examples/UVM_Framework/UVMF_2019.1/common/uvm_co_emulation_utilities/uvm_co-emulation_utilities/tests/clock_tester:
clock_test
sim
top

/tools/microchip/Libero_SoC_2025.1/Libero_SoC/ModelSim_Pro/examples/UVM_Framework/UVMF_2019.1/common/uvm_co_emulation_utilities/uvm_co-emulation_utilities/tests/clock_tester/clock_test:
base_test.svh
clock_test_pkg.sv
clock_test.svh
manual_reset_test.svh
reset_test.svh

/tools/microchip/Libero_SoC_2025.1/Libero_SoC/ModelSim_Pro/examples/UVM_Framework/UVMF_2019.1/common/uvm_co_emulation_utilities/uvm_co-emulation_utilities/tests/clock_tester/sim:
hdl_files.f
hvl_files.f
Makefile
shared_files.f
veloce.config
vsim.do
Wave0.sig
xwaves.sigs

/tools/microchip/Libero_SoC_2025.1/Libero_SoC/ModelSim_Pro/examples/UVM_Framework/UVMF_2019.1/common/uvm_co_emulation_utilities/uvm_co-emulation_utilities/tests/clock_tester/top:
hdl_top.sv
hvl_top.sv
shared_params_pkg.sv

/tools/microchip/Libero_SoC_2025.1/Libero_SoC/ModelSim_Pro/examples/UVM_Framework/UVMF_2019.1/common/uvm_co_emulation_utilities/uvm_co-emulation_utilities/tests/reg_access_file_test:
create_access_file.sv
Makefile
register_files

/tools/microchip/Libero_SoC_2025.1/Libero_SoC/ModelSim_Pro/examples/UVM_Framework/UVMF_2019.1/common/uvm_co_emulation_utilities/uvm_co-emulation_utilities/tests/reg_access_file_test/register_files:
dut_registers_pkg.sv
quirky_regs_pkg.sv

/tools/microchip/Libero_SoC_2025.1/Libero_SoC/ModelSim_Pro/examples/UVM_Framework/UVMF_2019.1/common/uvm_co_emulation_utilities/uvm_co-emulation_utilities/utils:
clock
memload
reg_access_file
reset

/tools/microchip/Libero_SoC_2025.1/Libero_SoC/ModelSim_Pro/examples/UVM_Framework/UVMF_2019.1/common/uvm_co_emulation_utilities/uvm_co-emulation_utilities/utils/clock:
clock_bfm.sv
clock_ctrl_base.svh
clock_ctrl.svh
clock_pkg.sv
clock_util_hdl.f
clock_util_hvl.f
XlSvQueue.svh
XlSvTimeSync.svh

/tools/microchip/Libero_SoC_2025.1/Libero_SoC/ModelSim_Pro/examples/UVM_Framework/UVMF_2019.1/common/uvm_co_emulation_utilities/uvm_co-emulation_utilities/utils/memload:
Makefile
memload.cc
memload_pkg.sv

/tools/microchip/Libero_SoC_2025.1/Libero_SoC/ModelSim_Pro/examples/UVM_Framework/UVMF_2019.1/common/uvm_co_emulation_utilities/uvm_co-emulation_utilities/utils/reg_access_file:
print_uvm_reg_acc_pkg.sv
README.txt

/tools/microchip/Libero_SoC_2025.1/Libero_SoC/ModelSim_Pro/examples/UVM_Framework/UVMF_2019.1/common/uvm_co_emulation_utilities/uvm_co-emulation_utilities/utils/reset:
async_reset_bfm.sv
async_reset_ctrl.svh
reset_ctrl_base.svh
reset_pkg.sv
reset_util_hdl.f
reset_util_hvl.f
sync_reset_bfm.sv
sync_reset_ctrl.svh

/tools/microchip/Libero_SoC_2025.1/Libero_SoC/ModelSim_Pro/examples/UVM_Framework/UVMF_2019.1/docs:
App_Note_Regeneration.pdf
generator_tutorial
UVM_Co-Emulation_Utility_Library_User_Guide.pdf
UVMF_Code_Generator_API_Reference.pdf
UVMF_Code_Generator_YAML_Reference.pdf
uvmf_config_db_use_DVCon_poster.pdf
uvmf_config_db_use_DVCon_whitepaper.pdf
uvmf_initialize_flow_DVCon_poster.pdf
uvmf_initialize_flow_DVCon_whitepaper.pdf
UVM_Framework_Users_Guide.pdf
uvmf.RELEASE_NOTES

/tools/microchip/Libero_SoC_2025.1/Libero_SoC/ModelSim_Pro/examples/UVM_Framework/UVMF_2019.1/docs/generator_tutorial:
alu_bench_config.py
alu_env_config.py
alu_in_if_config.py
alu_out_if_config.py
ALU_UVMF_Step_By_Step_Guide.pdf
run_pkt_if_uvmf_scripts.bat

/tools/microchip/Libero_SoC_2025.1/Libero_SoC/ModelSim_Pro/examples/UVM_Framework/UVMF_2019.1/scripts:
bench_sim_viswave_do.TMPL
default.rmdb
default_rmdb.tcl
expand_ifdef_stdout
gen_qvip_yaml.py
killsim
Makefile
Makefile.inFact
make_filelist.py
run.csh
uvmf_regress.csh
uvmf_vrm_ini.tcl
vrun.README
yaml2uvmf.py

/tools/microchip/Libero_SoC_2025.1/Libero_SoC/ModelSim_Pro/examples/UVM_Framework/UVMF_2019.1/templates:
python
qvip_configurator

/tools/microchip/Libero_SoC_2025.1/Libero_SoC/ModelSim_Pro/examples/UVM_Framework/UVMF_2019.1/templates/python:
examples
jinja2
legal
markupsafe
scripts
template_files
templates.README
uvmf_gen.py
uvmf_yaml
voluptuous
yaml

/tools/microchip/Libero_SoC_2025.1/Libero_SoC/ModelSim_Pro/examples/UVM_Framework/UVMF_2019.1/templates/python/examples:
api_files
block_c_yaml_configs.f
build_block_c.csh
build_block_c_yaml.csh
build_chip.csh
build_chip_yaml.csh
chip_yaml_configs.f
infact_yaml
yaml_files

/tools/microchip/Libero_SoC_2025.1/Libero_SoC/ModelSim_Pro/examples/UVM_Framework/UVMF_2019.1/templates/python/examples/api_files:
block_a_bench_config.py
block_a_env_config.py
block_b_bench_config.py
block_b_env_config.py
block_c_bench_config.py
block_c_env_config.py
chip_bench_config.py
chip_env_config.py
dma_if_config.py
mem_if_config.py
pkt_if_config.py

/tools/microchip/Libero_SoC_2025.1/Libero_SoC/ModelSim_Pro/examples/UVM_Framework/UVMF_2019.1/templates/python/examples/infact_yaml:
abcd_bench.yaml
abcd_environment.yaml
abcd_interface.yaml

/tools/microchip/Libero_SoC_2025.1/Libero_SoC/ModelSim_Pro/examples/UVM_Framework/UVMF_2019.1/templates/python/examples/yaml_files:
block_a_bench_cfg.yaml
block_a_env_cfg.yaml
block_b_bench_cfg.yaml
block_b_env_cfg.yaml
block_c_bench_cfg.yaml
block_c_env_cfg.yaml
chip_bench_cfg.yaml
chip_env_cfg.yaml
dma_if_cfg.yaml
mem_if_cfg.yaml
new_bench.yaml
new_environment.yaml
new_interface.yaml
pkt_if_cfg.yaml
predictor_components.yaml
qvip_agents_subenv_config.yaml

/tools/microchip/Libero_SoC_2025.1/Libero_SoC/ModelSim_Pro/examples/UVM_Framework/UVMF_2019.1/templates/python/jinja2:
AUTHORS
bccache.py
_compat.py
compiler.py
constants.py
debug.py
defaults.py
environment.py
exceptions.py
ext.py
filters.py
__init__.py
lexer.py
LICENSE
loaders.py
meta.py
nodes.py
optimizer.py
parser.py
runtime.py
sandbox.py
_stringdefs.py
tests.py
utils.py
visitor.py

/tools/microchip/Libero_SoC_2025.1/Libero_SoC/ModelSim_Pro/examples/UVM_Framework/UVMF_2019.1/templates/python/legal:
Jinja2
markupsafe
PyYAML
voluptuous

/tools/microchip/Libero_SoC_2025.1/Libero_SoC/ModelSim_Pro/examples/UVM_Framework/UVMF_2019.1/templates/python/legal/Jinja2:
docs
LICENSE

/tools/microchip/Libero_SoC_2025.1/Libero_SoC/ModelSim_Pro/examples/UVM_Framework/UVMF_2019.1/templates/python/legal/markupsafe:
LICENSE
README.rst

/tools/microchip/Libero_SoC_2025.1/Libero_SoC/ModelSim_Pro/examples/UVM_Framework/UVMF_2019.1/templates/python/legal/PyYAML:
LICENSE
PKG-INFO
README

/tools/microchip/Libero_SoC_2025.1/Libero_SoC/ModelSim_Pro/examples/UVM_Framework/UVMF_2019.1/templates/python/legal/voluptuous:
COPYING
PKG-INFO
README.rst

/tools/microchip/Libero_SoC_2025.1/Libero_SoC/ModelSim_Pro/examples/UVM_Framework/UVMF_2019.1/templates/python/markupsafe:
AUTHORS
_constants.py
__init__.py
LICENSE
_native.py
_speedups.so
tests.py

/tools/microchip/Libero_SoC_2025.1/Libero_SoC/ModelSim_Pro/examples/UVM_Framework/UVMF_2019.1/templates/python/scripts:
bench_config_header.py
bench_config_trailer.py
build_e_and_b_configs.sh
env_config_header.py
env_config_trailer.py

/tools/microchip/Libero_SoC_2025.1/Libero_SoC/ModelSim_Pro/examples/UVM_Framework/UVMF_2019.1/templates/python/template_files:
base_templates
bench_templates
environment_templates
interface_templates

/tools/microchip/Libero_SoC_2025.1/Libero_SoC/ModelSim_Pro/examples/UVM_Framework/UVMF_2019.1/templates/python/template_files/base_templates:
base_template.TMPL

/tools/microchip/Libero_SoC_2025.1/Libero_SoC/ModelSim_Pro/examples/UVM_Framework/UVMF_2019.1/templates/python/template_files/bench_templates:
bench_docs_interfaces_csv.TMPL
bench_docs_README_txt.TMPL
bench_dotproject.TMPL
bench_dotsvproject.TMPL
bench_registers_README_txt.TMPL
bench_rtl_verilog_dut.TMPL
bench_rtl_verilog_dut_vinfo.TMPL
bench_rtl_verilog_README_txt.TMPL
bench_rtl_vhdl_dut.TMPL
bench_rtl_vhdl_README_txt.TMPL
bench_sim_compile_do.TMPL
bench_sim_hdl_vinfo.TMPL
bench_sim_hvl_vinfo.TMPL
bench_sim_makefile.TMPL
bench_sim_run_do.TMPL
bench_sim_tbx_config.TMPL
bench_sim_testlist.TMPL
bench_sim_veloce_config.TMPL
bench_sim_velrunopts_ini.TMPL
bench_sim_viswave_do.TMPL
bench_sim_wave_do.TMPL
bench_sim_xwaves.sigs.TMPL
bench_sve_F.TMPL
bench_tb_parameters_bench_parameters_pkg_sv.TMPL
bench_tb_parameters_parameters_pkg_vinfo.TMPL
bench_tb_sequences_bench_sequences_pkg_sv.TMPL
bench_tb_sequences_infact_bench_sequences_pkg_sv.TMPL
bench_tb_sequences_sequences_pkg_vinfo.TMPL
bench_tb_sequences_src_bench_sequence_base_svh.TMPL
bench_tb_sequences_src_example_derived_test_sequence_svh.TMPL
bench_tb_sequences_src_infact_bench_sequence_svh.TMPL
bench_tb_sequences_src_infact_bench_transactions_svh.TMPL
bench_tb_testbench_hdl_top_sv.TMPL
bench_tb_testbench_hdl_top_vinfo.TMPL
bench_tb_testbench_hvl_top_sv.TMPL
bench_tb_testbench_hvl_top_vinfo.TMPL
bench_tb_testbench_top_filelist_hdl_f.TMPL
bench_tb_testbench_top_filelist_hvl_f.TMPL
bench_tb_tests_bench_tests_pkg_sv.TMPL
bench_tb_tests_src_example_derived_test_svh.TMPL
bench_tb_tests_src_infact_test_base.TMPL
bench_tb_tests_src_test_top_svh.TMPL
bench_tb_tests_tests_pkg_vinfo.TMPL

/tools/microchip/Libero_SoC_2025.1/Libero_SoC/ModelSim_Pro/examples/UVM_Framework/UVMF_2019.1/templates/python/template_files/environment_templates:
c_file.TMPL
coverage.TMPL
environment_compile_do.TMPL
environment_configuration.TMPL
environment_dotproject.TMPL
environment_dotsvproject.TMPL
environment_environment.TMPL
environment_makefile.TMPL
environment_pkg.TMPL
environment_pkg_vinfo.TMPL
environment_sequence_base.TMPL
environment_sve_F.TMPL
environment_typedefs.TMPL
predictor.TMPL
reg_model.TMPL
tlm2_sysc_predictor.TMPL

/tools/microchip/Libero_SoC_2025.1/Libero_SoC/ModelSim_Pro/examples/UVM_Framework/UVMF_2019.1/templates/python/template_files/interface_templates:
c_file.TMPL
interface_agent.TMPL
interface_bfm_vinfo.TMPL
interface_compile_do.TMPL
interface_configuration.TMPL
interface_dotproject.TMPL
interface_dotsvproject.TMPL
interface_driver_bfm.TMPL
interface_driver_proxy.TMPL
interface_driver.TMPL
interface_filelist_hdl.TMPL
interface_filelist_hvl.TMPL
interface_if.TMPL
interface_infact_sequence.TMPL
interface_makefile.TMPL
interface_monitor_bfm.TMPL
interface_monitor_proxy.TMPL
interface_monitor.TMPL
interface_pkg_hdl.TMPL
interface_pkg_hdl_vinfo.TMPL
interface_pkg.TMPL
interface_pkg_vinfo.TMPL
interface_random_sequence.TMPL
interface_reg_adapter.TMPL
interface_responder_sequence.TMPL
interface_sequence_base.TMPL
interface_sve_F.TMPL
interface_tc_cpp.TMPL
interface_transaction_coverage.TMPL
interface_transaction.TMPL
interface_typedefs_hdl.TMPL
interface_typedefs.TMPL

/tools/microchip/Libero_SoC_2025.1/Libero_SoC/ModelSim_Pro/examples/UVM_Framework/UVMF_2019.1/templates/python/uvmf_yaml:
dumper.py
__init__.py
validator.py

/tools/microchip/Libero_SoC_2025.1/Libero_SoC/ModelSim_Pro/examples/UVM_Framework/UVMF_2019.1/templates/python/voluptuous:
error.py
humanize.py
__init__.py
schema_builder.py
util.py
validators.py

/tools/microchip/Libero_SoC_2025.1/Libero_SoC/ModelSim_Pro/examples/UVM_Framework/UVMF_2019.1/templates/python/yaml:
composer.py
constructor.py
cyaml.py
dumper.py
emitter.py
error.py
events.py
__init__.py
loader.py
nodes.py
parser.py
reader.py
representer.py
resolver.py
scanner.py
serializer.py
tokens.py

/tools/microchip/Libero_SoC_2025.1/Libero_SoC/ModelSim_Pro/examples/UVM_Framework/UVMF_2019.1/templates/qvip_configurator:
block_c_configurator.cmd

/tools/microchip/Libero_SoC_2025.1/Libero_SoC/ModelSim_Pro/examples/UVM_Framework/UVMF_2019.1/uvmf_base_pkg:
Makefile
src
uvmf_base_pkg_filelist_hdl.f
uvmf_base_pkg_filelist_hvl.f
uvmf_base_pkg_hdl.sv
uvmf_base_pkg_hdl.vinfo
uvmf_base_pkg.sv
uvmf_base_pkg.vinfo

/tools/microchip/Libero_SoC_2025.1/Libero_SoC/ModelSim_Pro/examples/UVM_Framework/UVMF_2019.1/uvmf_base_pkg/src:
uvmf_analysis_debug.svh
uvmf_base_typedefs_hdl.svh
uvmf_base_typedefs.svh
uvmf_catapult_scoreboard.svh
uvmf_driver_base.svh
uvmf_environment_base.svh
uvmf_environment_configuration_base.svh
uvmf_in_order_race_scoreboard.svh
uvmf_in_order_scoreboard_array.svh
uvmf_in_order_scoreboard.svh
uvmf_monitor_base.svh
uvmf_out_of_order_scoreboard.svh
uvmf_parameterized_1agent_environment.svh
uvmf_parameterized_2agent_environment.svh
uvmf_parameterized_3agent_environment.svh
uvmf_parameterized_agent_configuration_base.svh
uvmf_parameterized_agent.svh
uvmf_parameterized_simplex_environment.svh
uvmf_predictor_base.svh
uvmf_scoreboard_base.svh
uvmf_sequence_base.svh
uvmf_sorting_predictor_base.svh
uvmf_standard_port_debug_policy.svh
uvmf_test_base.svh
uvmf_transaction_base.svh
uvmf_version.svh

/tools/microchip/Libero_SoC_2025.1/Libero_SoC/ModelSim_Pro/examples/UVM_Framework/UVMF_2019.1/vip_examples:
project_benches
verification_ip

/tools/microchip/Libero_SoC_2025.1/Libero_SoC/ModelSim_Pro/examples/UVM_Framework/UVMF_2019.1/vip_examples/project_benches:
axi4_2x2_fabric
full_regression
qvip_axi4_example
vip_axi4_example

/tools/microchip/Libero_SoC_2025.1/Libero_SoC/ModelSim_Pro/examples/UVM_Framework/UVMF_2019.1/vip_examples/project_benches/axi4_2x2_fabric:
docs
registers
rtl
sim
tb

/tools/microchip/Libero_SoC_2025.1/Libero_SoC/ModelSim_Pro/examples/UVM_Framework/UVMF_2019.1/vip_examples/project_benches/axi4_2x2_fabric/docs:
axi4_2x2_fabric_config.py
axi4_2x2_fabric_config.yaml
axi4_2x2_subenv_config.yaml
interfaces.csv
README.txt

/tools/microchip/Libero_SoC_2025.1/Libero_SoC/ModelSim_Pro/examples/UVM_Framework/UVMF_2019.1/vip_examples/project_benches/axi4_2x2_fabric/registers:
README.txt

/tools/microchip/Libero_SoC_2025.1/Libero_SoC/ModelSim_Pro/examples/UVM_Framework/UVMF_2019.1/vip_examples/project_benches/axi4_2x2_fabric/rtl:
verilog
vhdl

/tools/microchip/Libero_SoC_2025.1/Libero_SoC/ModelSim_Pro/examples/UVM_Framework/UVMF_2019.1/vip_examples/project_benches/axi4_2x2_fabric/rtl/verilog:
axi4_interconnect_NxN.sv
README.txt

/tools/microchip/Libero_SoC_2025.1/Libero_SoC/ModelSim_Pro/examples/UVM_Framework/UVMF_2019.1/vip_examples/project_benches/axi4_2x2_fabric/rtl/vhdl:
README.txt

/tools/microchip/Libero_SoC_2025.1/Libero_SoC/ModelSim_Pro/examples/UVM_Framework/UVMF_2019.1/vip_examples/project_benches/axi4_2x2_fabric/sim:
Makefile
run.do
testlist
transaction.config
veloce.config
wave.do

/tools/microchip/Libero_SoC_2025.1/Libero_SoC/ModelSim_Pro/examples/UVM_Framework/UVMF_2019.1/vip_examples/project_benches/axi4_2x2_fabric/tb:
parameters
sequences
testbench
tests

/tools/microchip/Libero_SoC_2025.1/Libero_SoC/ModelSim_Pro/examples/UVM_Framework/UVMF_2019.1/vip_examples/project_benches/axi4_2x2_fabric/tb/parameters:
axi4_2x2_fabric_parameters_pkg.sv

/tools/microchip/Libero_SoC_2025.1/Libero_SoC/ModelSim_Pro/examples/UVM_Framework/UVMF_2019.1/vip_examples/project_benches/axi4_2x2_fabric/tb/sequences:
axi4_2x2_fabric_sequences_pkg.sv
src

/tools/microchip/Libero_SoC_2025.1/Libero_SoC/ModelSim_Pro/examples/UVM_Framework/UVMF_2019.1/vip_examples/project_benches/axi4_2x2_fabric/tb/sequences/src:
axi4_2x2_fabric_bench_sequence_base.svh
ex1_simple_rd_wr.svh
example_derived_test_sequence.svh
infact_bench_sequence.svh

/tools/microchip/Libero_SoC_2025.1/Libero_SoC/ModelSim_Pro/examples/UVM_Framework/UVMF_2019.1/vip_examples/project_benches/axi4_2x2_fabric/tb/testbench:
hdl_top.sv
hvl_top.sv
top_filelist_hdl.f
top_filelist_hvl.f

/tools/microchip/Libero_SoC_2025.1/Libero_SoC/ModelSim_Pro/examples/UVM_Framework/UVMF_2019.1/vip_examples/project_benches/axi4_2x2_fabric/tb/tests:
axi4_2x2_fabric_test_pkg.sv
src

/tools/microchip/Libero_SoC_2025.1/Libero_SoC/ModelSim_Pro/examples/UVM_Framework/UVMF_2019.1/vip_examples/project_benches/axi4_2x2_fabric/tb/tests/src:
example_derived_test.svh
test_top.svh

/tools/microchip/Libero_SoC_2025.1/Libero_SoC/ModelSim_Pro/examples/UVM_Framework/UVMF_2019.1/vip_examples/project_benches/full_regression:
sim

/tools/microchip/Libero_SoC_2025.1/Libero_SoC/ModelSim_Pro/examples/UVM_Framework/UVMF_2019.1/vip_examples/project_benches/full_regression/sim:
Makefile
testlist

/tools/microchip/Libero_SoC_2025.1/Libero_SoC/ModelSim_Pro/examples/UVM_Framework/UVMF_2019.1/vip_examples/project_benches/qvip_axi4_example:
sim
tb

/tools/microchip/Libero_SoC_2025.1/Libero_SoC/ModelSim_Pro/examples/UVM_Framework/UVMF_2019.1/vip_examples/project_benches/qvip_axi4_example/sim:
Makefile
qvip_visualizer.xml
run.do
testlist
transaction.config
wave.do

/tools/microchip/Libero_SoC_2025.1/Libero_SoC/ModelSim_Pro/examples/UVM_Framework/UVMF_2019.1/vip_examples/project_benches/qvip_axi4_example/tb:
parameters
sequences
testbench
tests

/tools/microchip/Libero_SoC_2025.1/Libero_SoC/ModelSim_Pro/examples/UVM_Framework/UVMF_2019.1/vip_examples/project_benches/qvip_axi4_example/tb/parameters:
qvip_axi4_bench_parameters_pkg.sv

/tools/microchip/Libero_SoC_2025.1/Libero_SoC/ModelSim_Pro/examples/UVM_Framework/UVMF_2019.1/vip_examples/project_benches/qvip_axi4_example/tb/sequences:
qvip_axi4_bench_sequences_pkg.sv
src

/tools/microchip/Libero_SoC_2025.1/Libero_SoC/ModelSim_Pro/examples/UVM_Framework/UVMF_2019.1/vip_examples/project_benches/qvip_axi4_example/tb/sequences/src:
example_derived_test_sequence.svh
qvip_axi4_bench_sequence_base.svh

/tools/microchip/Libero_SoC_2025.1/Libero_SoC/ModelSim_Pro/examples/UVM_Framework/UVMF_2019.1/vip_examples/project_benches/qvip_axi4_example/tb/testbench:
hdl_top.sv
hvl_top.sv
top_filelist_hdl.f
top_filelist_hvl.f

/tools/microchip/Libero_SoC_2025.1/Libero_SoC/ModelSim_Pro/examples/UVM_Framework/UVMF_2019.1/vip_examples/project_benches/qvip_axi4_example/tb/tests:
qvip_axi4_bench_test_pkg.sv
src

/tools/microchip/Libero_SoC_2025.1/Libero_SoC/ModelSim_Pro/examples/UVM_Framework/UVMF_2019.1/vip_examples/project_benches/qvip_axi4_example/tb/tests/src:
example_derived_test.svh
test_top.svh

/tools/microchip/Libero_SoC_2025.1/Libero_SoC/ModelSim_Pro/examples/UVM_Framework/UVMF_2019.1/vip_examples/project_benches/vip_axi4_example:
sim
tb

/tools/microchip/Libero_SoC_2025.1/Libero_SoC/ModelSim_Pro/examples/UVM_Framework/UVMF_2019.1/vip_examples/project_benches/vip_axi4_example/sim:
Makefile
testlist
veloce.config
wave.do

/tools/microchip/Libero_SoC_2025.1/Libero_SoC/ModelSim_Pro/examples/UVM_Framework/UVMF_2019.1/vip_examples/project_benches/vip_axi4_example/tb:
parameters
sequences
testbench
tests

/tools/microchip/Libero_SoC_2025.1/Libero_SoC/ModelSim_Pro/examples/UVM_Framework/UVMF_2019.1/vip_examples/project_benches/vip_axi4_example/tb/parameters:
vip_axi4_bench_parameters_pkg.sv

/tools/microchip/Libero_SoC_2025.1/Libero_SoC/ModelSim_Pro/examples/UVM_Framework/UVMF_2019.1/vip_examples/project_benches/vip_axi4_example/tb/sequences:
src
vip_axi4_bench_sequences_pkg.sv

/tools/microchip/Libero_SoC_2025.1/Libero_SoC/ModelSim_Pro/examples/UVM_Framework/UVMF_2019.1/vip_examples/project_benches/vip_axi4_example/tb/sequences/src:
example_derived_test_sequence.svh
vip_axi4_bench_sequence_base.svh

/tools/microchip/Libero_SoC_2025.1/Libero_SoC/ModelSim_Pro/examples/UVM_Framework/UVMF_2019.1/vip_examples/project_benches/vip_axi4_example/tb/testbench:
hdl_top.sv
hvl_top.sv
top_filelist_hdl.f
top_filelist_hvl.f

/tools/microchip/Libero_SoC_2025.1/Libero_SoC/ModelSim_Pro/examples/UVM_Framework/UVMF_2019.1/vip_examples/project_benches/vip_axi4_example/tb/tests:
src
vip_axi4_bench_test_pkg.sv

/tools/microchip/Libero_SoC_2025.1/Libero_SoC/ModelSim_Pro/examples/UVM_Framework/UVMF_2019.1/vip_examples/project_benches/vip_axi4_example/tb/tests/src:
example_derived_test.svh
test_top.svh

/tools/microchip/Libero_SoC_2025.1/Libero_SoC/ModelSim_Pro/examples/UVM_Framework/UVMF_2019.1/vip_examples/verification_ip:
environment_packages

/tools/microchip/Libero_SoC_2025.1/Libero_SoC/ModelSim_Pro/examples/UVM_Framework/UVMF_2019.1/vip_examples/verification_ip/environment_packages:
axi4_2x2_fabric_env_pkg
axi4_2x2_fabric_qvip_env_pkg
vip_axi4_env_pkg

/tools/microchip/Libero_SoC_2025.1/Libero_SoC/ModelSim_Pro/examples/UVM_Framework/UVMF_2019.1/vip_examples/verification_ip/environment_packages/axi4_2x2_fabric_env_pkg:
axi4_2x2_fabric_env_pkg.sv
axi4_2x2_fabric_env_pkg_sve.F
axi4_2x2_fabric_env_pkg.vinfo
Makefile
src

/tools/microchip/Libero_SoC_2025.1/Libero_SoC/ModelSim_Pro/examples/UVM_Framework/UVMF_2019.1/vip_examples/verification_ip/environment_packages/axi4_2x2_fabric_env_pkg/src:
axi4_2x2_fabric_env_configuration.svh
axi4_2x2_fabric_environment.svh
axi4_2x2_fabric_env_sequence_base.svh
axi4_2x2_fabric_env_typedefs.svh
axi4_2x2_fabric_infact_env_sequence.svh
axi4_master_predictor.svh
axi4_master_rw_adapter.svh
axi4_slave_predictor.svh
axi4_slave_rw_adapter.svh

/tools/microchip/Libero_SoC_2025.1/Libero_SoC/ModelSim_Pro/examples/UVM_Framework/UVMF_2019.1/vip_examples/verification_ip/environment_packages/axi4_2x2_fabric_qvip_env_pkg:
axi4_2x2_fabric_qvip_configurator.cmd
config_policies
uvmf
uvm_tb

/tools/microchip/Libero_SoC_2025.1/Libero_SoC/ModelSim_Pro/examples/UVM_Framework/UVMF_2019.1/vip_examples/verification_ip/environment_packages/axi4_2x2_fabric_qvip_env_pkg/config_policies:
axi4_2x2_fabric_qvip_params_pkg.sv
mgc_axi4_m0_config_policy.svh
mgc_axi4_m1_config_policy.svh
mgc_axi4_s0_config_policy.svh
mgc_axi4_s1_config_policy.svh

/tools/microchip/Libero_SoC_2025.1/Libero_SoC/ModelSim_Pro/examples/UVM_Framework/UVMF_2019.1/vip_examples/verification_ip/environment_packages/axi4_2x2_fabric_qvip_env_pkg/uvmf:
axi4_2x2_fabric_qvip_env_configuration.svh
axi4_2x2_fabric_qvip_environment.svh
axi4_2x2_fabric_qvip_filelist.f
axi4_2x2_fabric_qvip_pkg.sv
axi4_2x2_fabric_qvip_test_base.svh
axi4_2x2_fabric_qvip_vseq_base.svh
default_clk_gen.sv
default_reset_gen.sv
DUT.sv
hdl_axi4_2x2_fabric_qvip.sv
hvl_axi4_2x2_fabric_qvip.sv
Makefile
questa_run
test_packages.svh

/tools/microchip/Libero_SoC_2025.1/Libero_SoC/ModelSim_Pro/examples/UVM_Framework/UVMF_2019.1/vip_examples/verification_ip/environment_packages/axi4_2x2_fabric_qvip_env_pkg/uvm_tb:
axi4_2x2_fabric_qvip_env_config.svh
axi4_2x2_fabric_qvip_env.svh
axi4_2x2_fabric_qvip_pkg.sv
axi4_2x2_fabric_qvip_test_base.svh
axi4_2x2_fabric_qvip_vseq_base.svh
default_clk_gen.sv
default_reset_gen.sv
DUT.sv
hdl_axi4_2x2_fabric_qvip.sv
hvl_axi4_2x2_fabric_qvip.sv
ius_run_32
ius_run_64
Makefile
questa_run
test_packages.svh
vcs_run_32
vcs_run_64

/tools/microchip/Libero_SoC_2025.1/Libero_SoC/ModelSim_Pro/examples/UVM_Framework/UVMF_2019.1/vip_examples/verification_ip/environment_packages/vip_axi4_env_pkg:
Makefile
src
vip_axi4_env_pkg.sv

/tools/microchip/Libero_SoC_2025.1/Libero_SoC/ModelSim_Pro/examples/UVM_Framework/UVMF_2019.1/vip_examples/verification_ip/environment_packages/vip_axi4_env_pkg/src:
vip_axi4_configuration.svh
vip_axi4_environment.svh
vip_axi4_env_sequence_base.svh

/tools/microchip/Libero_SoC_2025.1/Libero_SoC/ModelSim_Pro/examples/UVM_Framework/UVMF_2021.3:
base_examples
common
docs
release.INFO
scripts
templates
uvmf_base_pkg
vip_examples

/tools/microchip/Libero_SoC_2025.1/Libero_SoC/ModelSim_Pro/examples/UVM_Framework/UVMF_2021.3/base_examples:
project_benches
verification_ip

/tools/microchip/Libero_SoC_2025.1/Libero_SoC/ModelSim_Pro/examples/UVM_Framework/UVMF_2021.3/base_examples/project_benches:
ahb2spi
ahb2wb
alu
full_regression
gpio_example
wb2spi

/tools/microchip/Libero_SoC_2025.1/Libero_SoC/ModelSim_Pro/examples/UVM_Framework/UVMF_2021.3/base_examples/project_benches/ahb2spi:
ahb2spi_sve.F
docs
registers
rtl
sim
tb
yaml

/tools/microchip/Libero_SoC_2025.1/Libero_SoC/ModelSim_Pro/examples/UVM_Framework/UVMF_2021.3/base_examples/project_benches/ahb2spi/docs:
interfaces.csv
README.txt

/tools/microchip/Libero_SoC_2025.1/Libero_SoC/ModelSim_Pro/examples/UVM_Framework/UVMF_2021.3/base_examples/project_benches/ahb2spi/registers:
README.txt
s2wb_register_blocks.csv
s2wb_register_description.csv

/tools/microchip/Libero_SoC_2025.1/Libero_SoC/ModelSim_Pro/examples/UVM_Framework/UVMF_2021.3/base_examples/project_benches/ahb2spi/rtl:
rtl.compile
rtl.vinfo
verilog
vhdl

/tools/microchip/Libero_SoC_2025.1/Libero_SoC/ModelSim_Pro/examples/UVM_Framework/UVMF_2021.3/base_examples/project_benches/ahb2spi/rtl/verilog:
ahb2spi.sv
README.txt

/tools/microchip/Libero_SoC_2025.1/Libero_SoC/ModelSim_Pro/examples/UVM_Framework/UVMF_2021.3/base_examples/project_benches/ahb2spi/rtl/vhdl:
README.txt

/tools/microchip/Libero_SoC_2025.1/Libero_SoC/ModelSim_Pro/examples/UVM_Framework/UVMF_2021.3/base_examples/project_benches/ahb2spi/sim:
compile.do
hdl.compile
hdl.vinfo
hdl_vlog.compile
hvl.compile
hvl.vinfo
Makefile
run.do
tbx.config
testlist
top.compile
veloce.config
viswave.do
wave.do
xwaves.sigs

/tools/microchip/Libero_SoC_2025.1/Libero_SoC/ModelSim_Pro/examples/UVM_Framework/UVMF_2021.3/base_examples/project_benches/ahb2spi/tb:
parameters
sequences
testbench
tests

/tools/microchip/Libero_SoC_2025.1/Libero_SoC/ModelSim_Pro/examples/UVM_Framework/UVMF_2021.3/base_examples/project_benches/ahb2spi/tb/parameters:
ahb2spi_parameters_pkg.compile
ahb2spi_parameters_pkg.sv
ahb2spi_parameters_pkg.vinfo

/tools/microchip/Libero_SoC_2025.1/Libero_SoC/ModelSim_Pro/examples/UVM_Framework/UVMF_2021.3/base_examples/project_benches/ahb2spi/tb/sequences:
ahb2spi_sequences_pkg.compile
ahb2spi_sequences_pkg.sv
ahb2spi_sequences_pkg.vinfo
src

/tools/microchip/Libero_SoC_2025.1/Libero_SoC/ModelSim_Pro/examples/UVM_Framework/UVMF_2021.3/base_examples/project_benches/ahb2spi/tb/sequences/src:
ahb2spi_bench_sequence_base.svh
ahb2spi_regmodel_sequence.svh
example_derived_test_sequence.svh
infact_bench_sequence.svh
register_test_sequence.svh

/tools/microchip/Libero_SoC_2025.1/Libero_SoC/ModelSim_Pro/examples/UVM_Framework/UVMF_2021.3/base_examples/project_benches/ahb2spi/tb/testbench:
hdl_top.compile
hdl_top.sv
hdl_top.vinfo
hvl_top.compile
hvl_top.sv
hvl_top.vinfo
top_filelist_hdl.f
top_filelist_hvl.f

/tools/microchip/Libero_SoC_2025.1/Libero_SoC/ModelSim_Pro/examples/UVM_Framework/UVMF_2021.3/base_examples/project_benches/ahb2spi/tb/tests:
ahb2spi_tests_pkg.compile
ahb2spi_tests_pkg.sv
ahb2spi_tests_pkg.vinfo
src

/tools/microchip/Libero_SoC_2025.1/Libero_SoC/ModelSim_Pro/examples/UVM_Framework/UVMF_2021.3/base_examples/project_benches/ahb2spi/tb/tests/src:
example_derived_test.svh
register_test.svh
regmodel_test.svh
test_top.svh

/tools/microchip/Libero_SoC_2025.1/Libero_SoC/ModelSim_Pro/examples/UVM_Framework/UVMF_2021.3/base_examples/project_benches/ahb2spi/yaml:
ahb2spi_bench.yaml

/tools/microchip/Libero_SoC_2025.1/Libero_SoC/ModelSim_Pro/examples/UVM_Framework/UVMF_2021.3/base_examples/project_benches/ahb2wb:
ahb2wb_sve.F
docs
registers
rtl
sim
tb
yaml

/tools/microchip/Libero_SoC_2025.1/Libero_SoC/ModelSim_Pro/examples/UVM_Framework/UVMF_2021.3/base_examples/project_benches/ahb2wb/docs:
interfaces.csv
README.txt

/tools/microchip/Libero_SoC_2025.1/Libero_SoC/ModelSim_Pro/examples/UVM_Framework/UVMF_2021.3/base_examples/project_benches/ahb2wb/registers:
README.txt

/tools/microchip/Libero_SoC_2025.1/Libero_SoC/ModelSim_Pro/examples/UVM_Framework/UVMF_2021.3/base_examples/project_benches/ahb2wb/rtl:
rtl.compile
rtl.vinfo
verilog
vhdl

/tools/microchip/Libero_SoC_2025.1/Libero_SoC/ModelSim_Pro/examples/UVM_Framework/UVMF_2021.3/base_examples/project_benches/ahb2wb/rtl/verilog:
ahb2wb.v
README.txt

/tools/microchip/Libero_SoC_2025.1/Libero_SoC/ModelSim_Pro/examples/UVM_Framework/UVMF_2021.3/base_examples/project_benches/ahb2wb/rtl/vhdl:
README.txt

/tools/microchip/Libero_SoC_2025.1/Libero_SoC/ModelSim_Pro/examples/UVM_Framework/UVMF_2021.3/base_examples/project_benches/ahb2wb/sim:
ahb2wb_reports_script.do
ahb2wb_TestPlan.xml
compile.do
hdl.compile
hdl.vinfo
hdl_vlog.compile
hvl.compile
hvl.vinfo
Makefile
run.do
tbx.config
testlist
top.compile
uvmf_vrm_ini.tcl
veloce.config
velrunopts.ini
viswave.do
wave.do
xwaves.sigs

/tools/microchip/Libero_SoC_2025.1/Libero_SoC/ModelSim_Pro/examples/UVM_Framework/UVMF_2021.3/base_examples/project_benches/ahb2wb/tb:
parameters
sequences
testbench
tests

/tools/microchip/Libero_SoC_2025.1/Libero_SoC/ModelSim_Pro/examples/UVM_Framework/UVMF_2021.3/base_examples/project_benches/ahb2wb/tb/parameters:
ahb2wb_parameters_pkg.compile
ahb2wb_parameters_pkg.sv
ahb2wb_parameters_pkg.vinfo

/tools/microchip/Libero_SoC_2025.1/Libero_SoC/ModelSim_Pro/examples/UVM_Framework/UVMF_2021.3/base_examples/project_benches/ahb2wb/tb/sequences:
ahb2wb_sequences_pkg.compile
ahb2wb_sequences_pkg.sv
ahb2wb_sequences_pkg.vinfo
src

/tools/microchip/Libero_SoC_2025.1/Libero_SoC/ModelSim_Pro/examples/UVM_Framework/UVMF_2021.3/base_examples/project_benches/ahb2wb/tb/sequences/src:
ahb2wb_bench_sequence_base.svh
example_derived_test_sequence.svh
infact_bench_sequence.svh
register_test_sequence.svh

/tools/microchip/Libero_SoC_2025.1/Libero_SoC/ModelSim_Pro/examples/UVM_Framework/UVMF_2021.3/base_examples/project_benches/ahb2wb/tb/testbench:
hdl_top.compile
hdl_top.sv
hdl_top.vinfo
hvl_top.compile
hvl_top.sv
hvl_top.vinfo
top_filelist_hdl.f
top_filelist_hvl.f

/tools/microchip/Libero_SoC_2025.1/Libero_SoC/ModelSim_Pro/examples/UVM_Framework/UVMF_2021.3/base_examples/project_benches/ahb2wb/tb/tests:
ahb2wb_tests_pkg.compile
ahb2wb_tests_pkg.sv
ahb2wb_tests_pkg.vinfo
src

/tools/microchip/Libero_SoC_2025.1/Libero_SoC/ModelSim_Pro/examples/UVM_Framework/UVMF_2021.3/base_examples/project_benches/ahb2wb/tb/tests/src:
example_derived_test.svh
register_test.svh
test_top.svh

/tools/microchip/Libero_SoC_2025.1/Libero_SoC/ModelSim_Pro/examples/UVM_Framework/UVMF_2021.3/base_examples/project_benches/ahb2wb/yaml:
ahb2wb_bench.yaml

/tools/microchip/Libero_SoC_2025.1/Libero_SoC/ModelSim_Pro/examples/UVM_Framework/UVMF_2021.3/base_examples/project_benches/alu:
alu_sve.F
docs
registers
rtl
sim
tb
yaml

/tools/microchip/Libero_SoC_2025.1/Libero_SoC/ModelSim_Pro/examples/UVM_Framework/UVMF_2021.3/base_examples/project_benches/alu/docs:
interfaces.csv
README.txt

/tools/microchip/Libero_SoC_2025.1/Libero_SoC/ModelSim_Pro/examples/UVM_Framework/UVMF_2021.3/base_examples/project_benches/alu/registers:
README.txt

/tools/microchip/Libero_SoC_2025.1/Libero_SoC/ModelSim_Pro/examples/UVM_Framework/UVMF_2021.3/base_examples/project_benches/alu/rtl:
rtl.compile
rtl.vinfo
verilog

/tools/microchip/Libero_SoC_2025.1/Libero_SoC/ModelSim_Pro/examples/UVM_Framework/UVMF_2021.3/base_examples/project_benches/alu/rtl/verilog:
alu.sv

/tools/microchip/Libero_SoC_2025.1/Libero_SoC/ModelSim_Pro/examples/UVM_Framework/UVMF_2021.3/base_examples/project_benches/alu/sim:
compile.do
hdl.compile
hdl.vinfo
hdl_vlog.compile
hvl.compile
hvl.vinfo
Makefile
run.do
sim.vinfo
tbx.config
testlist
top.compile
veloce.config
veloce.map
veloce.med
velrunopts.ini
viswave.do
wave.do
xwaves.sigs

/tools/microchip/Libero_SoC_2025.1/Libero_SoC/ModelSim_Pro/examples/UVM_Framework/UVMF_2021.3/base_examples/project_benches/alu/sim/veloce.med:
rtlc_work

/tools/microchip/Libero_SoC_2025.1/Libero_SoC/ModelSim_Pro/examples/UVM_Framework/UVMF_2021.3/base_examples/project_benches/alu/sim/veloce.med/rtlc_work:
mvv

/tools/microchip/Libero_SoC_2025.1/Libero_SoC/ModelSim_Pro/examples/UVM_Framework/UVMF_2021.3/base_examples/project_benches/alu/sim/veloce.med/rtlc_work/mvv:
_1macroInfoDump
2ext0.pac
2ext10.pac
2ext11.pac
2ext12.pac
2ext13.pac
2ext14.pac
2ext15.pac
2ext1.pac
2ext2.pac
2ext3.pac
2ext4.pac
2ext5.pac
2ext6.pac
2ext7.pac
2ext8.pac
2ext9.pac
alu_in_driver_bfm.int
alu_in_driver_bfm.int.body
alu_in_if.int
alu_in_if.int.body
alu_in_monitor_bfm.int
alu_in_monitor_bfm.int.body
alu_in_pkg_hdl.pac
alu_in_pkg_hdl.pac.body
alu_in_pkg.pac
alu_in_pkg.pac.body
alu.mod
alu.mod.body
alu_out_driver_bfm.int
alu_out_driver_bfm.int.body
alu_out_if.int
alu_out_if.int.body
alu_out_monitor_bfm.int
alu_out_monitor_bfm.int.body
alu_out_pkg_hdl.pac
alu_out_pkg_hdl.pac.body
alu_out_pkg.pac
alu_out_pkg.pac.body
alu_parameters_pkg.pac
alu_parameters_pkg.pac.body
_analysis.ts
hdl_top.mod
hdl_top.mod.body
PR
Ral_Pkgs.list
rtlc_version_info
uvmf_base_pkg_hdl.pac
uvmf_base_pkg_hdl.pac.body
uvmf_base_pkg.pac
uvmf_base_pkg.pac.body
uvm_pkg.pac
uvm_pkg.pac.body

/tools/microchip/Libero_SoC_2025.1/Libero_SoC/ModelSim_Pro/examples/UVM_Framework/UVMF_2021.3/base_examples/project_benches/alu/sim/veloce.med/rtlc_work/mvv/_1macroInfoDump:
2ext1.pack.cbd
alu_in_driver_bfm.int.cbd
alu_in_monitor_bfm.int.cbd
alu_in_pkg.pack.cbd
alu_out_driver_bfm.int.cbd
alu_out_monitor_bfm.int.cbd
alu_out_pkg.pack.cbd
uvmf_base_pkg.pack.cbd
uvm_pkg.pack.cbd

/tools/microchip/Libero_SoC_2025.1/Libero_SoC/ModelSim_Pro/examples/UVM_Framework/UVMF_2021.3/base_examples/project_benches/alu/sim/veloce.med/rtlc_work/mvv/PR:

/tools/microchip/Libero_SoC_2025.1/Libero_SoC/ModelSim_Pro/examples/UVM_Framework/UVMF_2021.3/base_examples/project_benches/alu/tb:
parameters
sequences
testbench
tests

/tools/microchip/Libero_SoC_2025.1/Libero_SoC/ModelSim_Pro/examples/UVM_Framework/UVMF_2021.3/base_examples/project_benches/alu/tb/parameters:
alu_parameters_pkg.compile
alu_parameters_pkg.sv
alu_parameters_pkg.vinfo

/tools/microchip/Libero_SoC_2025.1/Libero_SoC/ModelSim_Pro/examples/UVM_Framework/UVMF_2021.3/base_examples/project_benches/alu/tb/sequences:
alu_sequences_pkg.compile
alu_sequences_pkg.sv
alu_sequences_pkg.vinfo
src

/tools/microchip/Libero_SoC_2025.1/Libero_SoC/ModelSim_Pro/examples/UVM_Framework/UVMF_2021.3/base_examples/project_benches/alu/tb/sequences/src:
alu_bench_sequence_base.svh
alu_directed_sequence.svh
alu_random_sequence.svh
alu_sequence_base.svh
example_derived_test_sequence.svh
register_test_sequence.svh

/tools/microchip/Libero_SoC_2025.1/Libero_SoC/ModelSim_Pro/examples/UVM_Framework/UVMF_2021.3/base_examples/project_benches/alu/tb/testbench:
hdl_top.compile
hdl_top.sv
hdl_top.vinfo
hvl_top.compile
hvl_top.sv
hvl_top.vinfo
top_filelist_hdl.f
top_filelist_hvl.f

/tools/microchip/Libero_SoC_2025.1/Libero_SoC/ModelSim_Pro/examples/UVM_Framework/UVMF_2021.3/base_examples/project_benches/alu/tb/tests:
alu_tests_pkg.compile
alu_tests_pkg.sv
alu_tests_pkg.vinfo
src

/tools/microchip/Libero_SoC_2025.1/Libero_SoC/ModelSim_Pro/examples/UVM_Framework/UVMF_2021.3/base_examples/project_benches/alu/tb/tests/src:
alu_add_test.svh
alu_and_test.svh
alu_directed_test.svh
alu_mul_test.svh
alu_random_test.svh
alu_xor_test.svh
example_derived_test.svh
register_test.svh
test_top.svh
test_typedefs.svh
will_always_fail.svh

/tools/microchip/Libero_SoC_2025.1/Libero_SoC/ModelSim_Pro/examples/UVM_Framework/UVMF_2021.3/base_examples/project_benches/alu/yaml:
alu_bench.yaml

/tools/microchip/Libero_SoC_2025.1/Libero_SoC/ModelSim_Pro/examples/UVM_Framework/UVMF_2021.3/base_examples/project_benches/full_regression:
sim

/tools/microchip/Libero_SoC_2025.1/Libero_SoC/ModelSim_Pro/examples/UVM_Framework/UVMF_2021.3/base_examples/project_benches/full_regression/sim:
Makefile
testlist

/tools/microchip/Libero_SoC_2025.1/Libero_SoC/ModelSim_Pro/examples/UVM_Framework/UVMF_2021.3/base_examples/project_benches/gpio_example:
docs
gpio_example_sve.F
registers
rtl
sim
tb
yaml

/tools/microchip/Libero_SoC_2025.1/Libero_SoC/ModelSim_Pro/examples/UVM_Framework/UVMF_2021.3/base_examples/project_benches/gpio_example/docs:
interfaces.csv
README.txt

/tools/microchip/Libero_SoC_2025.1/Libero_SoC/ModelSim_Pro/examples/UVM_Framework/UVMF_2021.3/base_examples/project_benches/gpio_example/registers:
README.txt

/tools/microchip/Libero_SoC_2025.1/Libero_SoC/ModelSim_Pro/examples/UVM_Framework/UVMF_2021.3/base_examples/project_benches/gpio_example/rtl:
rtl.compile
rtl.vinfo
verilog
vhdl

/tools/microchip/Libero_SoC_2025.1/Libero_SoC/ModelSim_Pro/examples/UVM_Framework/UVMF_2021.3/base_examples/project_benches/gpio_example/rtl/verilog:
README.txt

/tools/microchip/Libero_SoC_2025.1/Libero_SoC/ModelSim_Pro/examples/UVM_Framework/UVMF_2021.3/base_examples/project_benches/gpio_example/rtl/vhdl:
README.txt

/tools/microchip/Libero_SoC_2025.1/Libero_SoC/ModelSim_Pro/examples/UVM_Framework/UVMF_2021.3/base_examples/project_benches/gpio_example/sim:
compile.do
hdl.compile
hdl.vinfo
hdl_vlog.compile
hvl.compile
hvl.vinfo
Makefile
run.do
sim.vinfo
tbx.config
testlist
top.compile
veloce.config
velrunopts.ini
viswave.do
wave.do
xwaves.sigs

/tools/microchip/Libero_SoC_2025.1/Libero_SoC/ModelSim_Pro/examples/UVM_Framework/UVMF_2021.3/base_examples/project_benches/gpio_example/tb:
parameters
sequences
testbench
tests

/tools/microchip/Libero_SoC_2025.1/Libero_SoC/ModelSim_Pro/examples/UVM_Framework/UVMF_2021.3/base_examples/project_benches/gpio_example/tb/parameters:
gpio_example_parameters_pkg.sv
gpio_example_parameters_pkg.vinfo
gpio_parameters_pkg.compile

/tools/microchip/Libero_SoC_2025.1/Libero_SoC/ModelSim_Pro/examples/UVM_Framework/UVMF_2021.3/base_examples/project_benches/gpio_example/tb/sequences:
gpio_example_sequences_pkg.sv
gpio_example_sequences_pkg.vinfo
gpio_sequences_pkg.compile
src

/tools/microchip/Libero_SoC_2025.1/Libero_SoC/ModelSim_Pro/examples/UVM_Framework/UVMF_2021.3/base_examples/project_benches/gpio_example/tb/sequences/src:
example_derived_test_sequence.svh
gpio_example_bench_sequence_base.svh
gpio_gpio_sequence.svh
infact_bench_sequence.svh
register_test_sequence.svh

/tools/microchip/Libero_SoC_2025.1/Libero_SoC/ModelSim_Pro/examples/UVM_Framework/UVMF_2021.3/base_examples/project_benches/gpio_example/tb/testbench:
hdl_top.compile
hdl_top.sv
hdl_top.vinfo
hvl_top.compile
hvl_top.sv
hvl_top.vinfo
top_filelist_hdl.f
top_filelist_hvl.f

/tools/microchip/Libero_SoC_2025.1/Libero_SoC/ModelSim_Pro/examples/UVM_Framework/UVMF_2021.3/base_examples/project_benches/gpio_example/tb/tests:
gpio_example_tests_pkg.sv
gpio_example_tests_pkg.vinfo
gpio_tests_pkg.compile
src

/tools/microchip/Libero_SoC_2025.1/Libero_SoC/ModelSim_Pro/examples/UVM_Framework/UVMF_2021.3/base_examples/project_benches/gpio_example/tb/tests/src:
example_derived_test.svh
register_test.svh
test_top.svh

/tools/microchip/Libero_SoC_2025.1/Libero_SoC/ModelSim_Pro/examples/UVM_Framework/UVMF_2021.3/base_examples/project_benches/gpio_example/yaml:
gpio_example_bench.yaml

/tools/microchip/Libero_SoC_2025.1/Libero_SoC/ModelSim_Pro/examples/UVM_Framework/UVMF_2021.3/base_examples/project_benches/wb2spi:
docs
registers
rtl
sim
tb
wb2spi_sve.F
yaml

/tools/microchip/Libero_SoC_2025.1/Libero_SoC/ModelSim_Pro/examples/UVM_Framework/UVMF_2021.3/base_examples/project_benches/wb2spi/docs:
interfaces.csv
README.txt
WB_SOC_VAD0.6.doc

/tools/microchip/Libero_SoC_2025.1/Libero_SoC/ModelSim_Pro/examples/UVM_Framework/UVMF_2021.3/base_examples/project_benches/wb2spi/registers:
ctrl.rcf
html
README.txt
s2wb_register_blocks.csv
s2wb_register_description.csv

/tools/microchip/Libero_SoC_2025.1/Libero_SoC/ModelSim_Pro/examples/UVM_Framework/UVMF_2021.3/base_examples/project_benches/wb2spi/registers/html:
dottedangle.gif
dotted.gif
index2.html
index.html
index_registers.html
Registers
style.css

/tools/microchip/Libero_SoC_2025.1/Libero_SoC/ModelSim_Pro/examples/UVM_Framework/UVMF_2021.3/base_examples/project_benches/wb2spi/registers/html/Registers:
addrmap_swb_reg_block_swb_map.html
mem_swb_reg_block.html
reg_SPCR.html
reg_SPDR.html
reg_SPER.html
reg_SPSR.html

/tools/microchip/Libero_SoC_2025.1/Libero_SoC/ModelSim_Pro/examples/UVM_Framework/UVMF_2021.3/base_examples/project_benches/wb2spi/rtl:
rtl.compile
rtl.vinfo
verilog
vhdl

/tools/microchip/Libero_SoC_2025.1/Libero_SoC/ModelSim_Pro/examples/UVM_Framework/UVMF_2021.3/base_examples/project_benches/wb2spi/rtl/verilog:
README.txt
wb2spi.v

/tools/microchip/Libero_SoC_2025.1/Libero_SoC/ModelSim_Pro/examples/UVM_Framework/UVMF_2021.3/base_examples/project_benches/wb2spi/rtl/vhdl:
README.txt

/tools/microchip/Libero_SoC_2025.1/Libero_SoC/ModelSim_Pro/examples/UVM_Framework/UVMF_2021.3/base_examples/project_benches/wb2spi/sim:
compile.do
hdl.compile
hdl.vinfo
hdl_vlog.compile
hvl.compile
hvl.vinfo
Makefile
run.do
tbx.config
testlist
top.compile
veloce.config
velrunopts.ini
viswave.do
wave.do
xwaves.sigs

/tools/microchip/Libero_SoC_2025.1/Libero_SoC/ModelSim_Pro/examples/UVM_Framework/UVMF_2021.3/base_examples/project_benches/wb2spi/tb:
parameters
sequences
testbench
tests

/tools/microchip/Libero_SoC_2025.1/Libero_SoC/ModelSim_Pro/examples/UVM_Framework/UVMF_2021.3/base_examples/project_benches/wb2spi/tb/parameters:
wb2spi_parameters_pkg.compile
wb2spi_parameters_pkg.sv
wb2spi_parameters_pkg.vinfo

/tools/microchip/Libero_SoC_2025.1/Libero_SoC/ModelSim_Pro/examples/UVM_Framework/UVMF_2021.3/base_examples/project_benches/wb2spi/tb/sequences:
src
wb2spi_sequences_pkg.compile
wb2spi_sequences_pkg.sv
wb2spi_sequences_pkg.vinfo

/tools/microchip/Libero_SoC_2025.1/Libero_SoC/ModelSim_Pro/examples/UVM_Framework/UVMF_2021.3/base_examples/project_benches/wb2spi/tb/sequences/src:
example_derived_test_sequence.svh
infact_bench_sequence.svh
register_test_sequence.svh
wb2spi_bench_sequence_base.svh
wb2spi_regmodel_sequence.svh

/tools/microchip/Libero_SoC_2025.1/Libero_SoC/ModelSim_Pro/examples/UVM_Framework/UVMF_2021.3/base_examples/project_benches/wb2spi/tb/testbench:
hdl_top.compile
hdl_top.sv
hdl_top.vinfo
hvl_top.compile
hvl_top.sv
hvl_top.vinfo
top_filelist_hdl.f
top_filelist_hvl.f

/tools/microchip/Libero_SoC_2025.1/Libero_SoC/ModelSim_Pro/examples/UVM_Framework/UVMF_2021.3/base_examples/project_benches/wb2spi/tb/tests:
src
wb2spi_tests_pkg.compile
wb2spi_tests_pkg.sv
wb2spi_tests_pkg.vinfo

/tools/microchip/Libero_SoC_2025.1/Libero_SoC/ModelSim_Pro/examples/UVM_Framework/UVMF_2021.3/base_examples/project_benches/wb2spi/tb/tests/src:
example_derived_test.svh
register_test.svh
regmodel_test.svh
test_top.svh

/tools/microchip/Libero_SoC_2025.1/Libero_SoC/ModelSim_Pro/examples/UVM_Framework/UVMF_2021.3/base_examples/project_benches/wb2spi/yaml:
wb2spi_bench.yaml

/tools/microchip/Libero_SoC_2025.1/Libero_SoC/ModelSim_Pro/examples/UVM_Framework/UVMF_2021.3/base_examples/verification_ip:
environment_packages
interface_packages
utility_packages

/tools/microchip/Libero_SoC_2025.1/Libero_SoC/ModelSim_Pro/examples/UVM_Framework/UVMF_2021.3/base_examples/verification_ip/environment_packages:
ahb2spi_env_pkg
ahb2wb_env_pkg
alu_env_pkg
gpio_example_env_pkg
wb2spi_env_pkg

/tools/microchip/Libero_SoC_2025.1/Libero_SoC/ModelSim_Pro/examples/UVM_Framework/UVMF_2021.3/base_examples/verification_ip/environment_packages/ahb2spi_env_pkg:
ahb2spi_env_config.py
ahb2spi_env_pkg.compile
ahb2spi_env_pkg.sv
ahb2spi_env_pkg_sve.F
ahb2spi_env_pkg.vinfo
compile.do
Makefile
registers
src
yaml

/tools/microchip/Libero_SoC_2025.1/Libero_SoC/ModelSim_Pro/examples/UVM_Framework/UVMF_2021.3/base_examples/verification_ip/environment_packages/ahb2spi_env_pkg/registers:
ahb2spi_reg_pkg.sv
Makefile
register_blocks.csv

/tools/microchip/Libero_SoC_2025.1/Libero_SoC/ModelSim_Pro/examples/UVM_Framework/UVMF_2021.3/base_examples/verification_ip/environment_packages/ahb2spi_env_pkg/src:
ahb2spi_env_configuration.svh
ahb2spi_environment.svh
ahb2spi_env_sequence_base.svh
ahb2spi_env_typedefs.svh
ahb2spi_infact_env_sequence.svh

/tools/microchip/Libero_SoC_2025.1/Libero_SoC/ModelSim_Pro/examples/UVM_Framework/UVMF_2021.3/base_examples/verification_ip/environment_packages/ahb2spi_env_pkg/yaml:
ahb2spi_environment.yaml

/tools/microchip/Libero_SoC_2025.1/Libero_SoC/ModelSim_Pro/examples/UVM_Framework/UVMF_2021.3/base_examples/verification_ip/environment_packages/ahb2wb_env_pkg:
ahb2wb_env_config.py
ahb2wb_env_pkg.compile
ahb2wb_env_pkg.sv
ahb2wb_env_pkg_sve.F
ahb2wb_env_pkg.vinfo
compile.do
Makefile
src
utility_components.yaml
yaml

/tools/microchip/Libero_SoC_2025.1/Libero_SoC/ModelSim_Pro/examples/UVM_Framework/UVMF_2021.3/base_examples/verification_ip/environment_packages/ahb2wb_env_pkg/src:
ahb2wb_env_configuration.svh
ahb2wb_environment.svh
ahb2wb_env_sequence_base.svh
ahb2wb_env_typedefs.svh
ahb2wb_infact_env_sequence.svh
ahb2wb_predictor.svh
wb2ahb_predictor.svh

/tools/microchip/Libero_SoC_2025.1/Libero_SoC/ModelSim_Pro/examples/UVM_Framework/UVMF_2021.3/base_examples/verification_ip/environment_packages/ahb2wb_env_pkg/yaml:
ahb2wb_environment.yaml
ahb2wb_util_comp_ahb2wb_predictor.yaml
ahb2wb_util_comp_wb2ahb_predictor.yaml

/tools/microchip/Libero_SoC_2025.1/Libero_SoC/ModelSim_Pro/examples/UVM_Framework/UVMF_2021.3/base_examples/verification_ip/environment_packages/alu_env_pkg:
alu_env_pkg.compile
alu_env_pkg.sv
alu_env_pkg_sve.F
alu_env_pkg.vinfo
compile.do
Makefile
src
yaml

/tools/microchip/Libero_SoC_2025.1/Libero_SoC/ModelSim_Pro/examples/UVM_Framework/UVMF_2021.3/base_examples/verification_ip/environment_packages/alu_env_pkg/src:
alu_configuration.svh
alu_env_configuration.svh
alu_environment.svh
alu_env_sequence_base.svh
alu_env_typedefs.svh
alu_predictor.svh
alu_vista_predictor.svh
uvm_tlm_target_socket_decl.svh

/tools/microchip/Libero_SoC_2025.1/Libero_SoC/ModelSim_Pro/examples/UVM_Framework/UVMF_2021.3/base_examples/verification_ip/environment_packages/alu_env_pkg/yaml:
alu_environment.yaml
alu_util_comp_alu_predictor.yaml

/tools/microchip/Libero_SoC_2025.1/Libero_SoC/ModelSim_Pro/examples/UVM_Framework/UVMF_2021.3/base_examples/verification_ip/environment_packages/gpio_example_env_pkg:
compile.do
gpio_env_pkg.compile
gpio_example_env_pkg.sv
gpio_example_env_pkg_sve.F
gpio_example_env_pkg.vinfo
Makefile
src
yaml

/tools/microchip/Libero_SoC_2025.1/Libero_SoC/ModelSim_Pro/examples/UVM_Framework/UVMF_2021.3/base_examples/verification_ip/environment_packages/gpio_example_env_pkg/src:
gpio_example_env_configuration.svh
gpio_example_environment.svh
gpio_example_env_sequence_base.svh
gpio_example_env_typedefs.svh
gpio_example_infact_env_sequence.svh
gpio_predictor.svh

/tools/microchip/Libero_SoC_2025.1/Libero_SoC/ModelSim_Pro/examples/UVM_Framework/UVMF_2021.3/base_examples/verification_ip/environment_packages/gpio_example_env_pkg/yaml:
gpio_example_environment.yaml
gpio_example_util_comp_gpio_predictor.yaml

/tools/microchip/Libero_SoC_2025.1/Libero_SoC/ModelSim_Pro/examples/UVM_Framework/UVMF_2021.3/base_examples/verification_ip/environment_packages/wb2spi_env_pkg:
compile.do
dpi
Makefile
registers
src
wb2spi_env_pkg.compile
wb2spi_env_pkg.sv
wb2spi_env_pkg_sve.F
wb2spi_env_pkg.vinfo
yaml

/tools/microchip/Libero_SoC_2025.1/Libero_SoC/ModelSim_Pro/examples/UVM_Framework/UVMF_2021.3/base_examples/verification_ip/environment_packages/wb2spi_env_pkg/dpi:

/tools/microchip/Libero_SoC_2025.1/Libero_SoC/ModelSim_Pro/examples/UVM_Framework/UVMF_2021.3/base_examples/verification_ip/environment_packages/wb2spi_env_pkg/registers:
Makefile
register_blocks.csv
register_description.csv
wb2spi_registers.py
wb2spi_reg_pkg.sv

/tools/microchip/Libero_SoC_2025.1/Libero_SoC/ModelSim_Pro/examples/UVM_Framework/UVMF_2021.3/base_examples/verification_ip/environment_packages/wb2spi_env_pkg/src:
wb2spi_env_configuration.svh
wb2spi_environment.svh
wb2spi_env_sequence_base.svh
wb2spi_env_typedefs.svh
wb2spi_infact_env_sequence.svh
wb2spi_predictor.svh

/tools/microchip/Libero_SoC_2025.1/Libero_SoC/ModelSim_Pro/examples/UVM_Framework/UVMF_2021.3/base_examples/verification_ip/environment_packages/wb2spi_env_pkg/yaml:
wb2spi_environment.yaml
wb2spi_util_comp_wb2spi_predictor.yaml

/tools/microchip/Libero_SoC_2025.1/Libero_SoC/ModelSim_Pro/examples/UVM_Framework/UVMF_2021.3/base_examples/verification_ip/interface_packages:
ahb_pkg
alu_in_pkg
alu_out_pkg
gpio_pkg
spi_pkg
wb_pkg

/tools/microchip/Libero_SoC_2025.1/Libero_SoC/ModelSim_Pro/examples/UVM_Framework/UVMF_2021.3/base_examples/verification_ip/interface_packages/ahb_pkg:
ahb_bfm.vinfo
ahb.compile
ahb_filelist_hdl.f
ahb_filelist_hvl.f
ahb_filelist_xrtl.f
ahb_hdl.compile
ahb_hvl.compile
ahb_pkg_hdl.sv
ahb_pkg_hdl.vinfo
ahb_pkg.sv
ahb_pkg_sve.F
ahb_pkg.vinfo
ahb_xrtl.compile
compile.do
Makefile
src
yaml

/tools/microchip/Libero_SoC_2025.1/Libero_SoC/ModelSim_Pro/examples/UVM_Framework/UVMF_2021.3/base_examples/verification_ip/interface_packages/ahb_pkg/src:
ahb2reg_adapter.svh
ahb_agent.svh
ahb_configuration.svh
ahb_driver_bfm.sv
ahb_driver.svh
ahb_if.sv
ahb_infact_sequence.svh
ahb_macros.svh
ahb_master_access_sequence.svh
ahb_monitor_bfm.sv
ahb_monitor.svh
ahb_random_sequence.svh
ahb_responder_sequence.svh
ahb_sequence_base.svh
ahb_transaction_coverage.svh
ahb_transaction.svh
ahb_typedefs_hdl.svh
ahb_typedefs.svh

/tools/microchip/Libero_SoC_2025.1/Libero_SoC/ModelSim_Pro/examples/UVM_Framework/UVMF_2021.3/base_examples/verification_ip/interface_packages/ahb_pkg/yaml:
ahb_interface.yaml

/tools/microchip/Libero_SoC_2025.1/Libero_SoC/ModelSim_Pro/examples/UVM_Framework/UVMF_2021.3/base_examples/verification_ip/interface_packages/alu_in_pkg:
alu_in_bfm.vinfo
alu_in.compile
alu_in_filelist_hdl.f
alu_in_filelist_hvl.f
alu_in_filelist_xrtl.f
alu_in_hdl.compile
alu_in_hvl.compile
alu_in_pkg_hdl.sv
alu_in_pkg_hdl.vinfo
alu_in_pkg.sv
alu_in_pkg_sve.F
alu_in_pkg.vinfo
alu_in_xrtl.compile
compile.do
doc
Makefile
src
yaml

/tools/microchip/Libero_SoC_2025.1/Libero_SoC/ModelSim_Pro/examples/UVM_Framework/UVMF_2021.3/base_examples/verification_ip/interface_packages/alu_in_pkg/doc:
amba_spec.pdf

/tools/microchip/Libero_SoC_2025.1/Libero_SoC/ModelSim_Pro/examples/UVM_Framework/UVMF_2021.3/base_examples/verification_ip/interface_packages/alu_in_pkg/src:
alu_in2reg_adapter.svh
alu_in_add_sequence.svh
alu_in_agent.svh
alu_in_and_sequence.svh
alu_in_configuration.svh
alu_in_directed_sequence.svh
alu_in_driver_bfm.sv
alu_in_driver.svh
alu_in_if.sv
alu_in_macros.svh
alu_in_monitor_bfm.sv
alu_in_monitor.svh
alu_in_mul_sequence.svh
alu_in_random_sequence.svh
alu_in_reset_sequence.svh
alu_in_responder_sequence.svh
alu_in_sequence_base.svh
alu_in_transaction_coverage.svh
alu_in_transaction.svh
alu_in_typedefs_hdl.svh
alu_in_typedefs.svh
alu_in_xor_sequence.svh
alu_vista_in_sequence.svh
uvmc_vista_stimulus_bridge.svh
uvm_tlm_target_socket_decl.svh

/tools/microchip/Libero_SoC_2025.1/Libero_SoC/ModelSim_Pro/examples/UVM_Framework/UVMF_2021.3/base_examples/verification_ip/interface_packages/alu_in_pkg/yaml:
alu_in_interface.yaml

/tools/microchip/Libero_SoC_2025.1/Libero_SoC/ModelSim_Pro/examples/UVM_Framework/UVMF_2021.3/base_examples/verification_ip/interface_packages/alu_out_pkg:
alu_out_bfm.vinfo
alu_out.compile
alu_out_filelist_hdl.f
alu_out_filelist_hvl.f
alu_out_filelist_xrtl.f
alu_out_hdl.compile
alu_out_hvl.compile
alu_out_pkg_hdl.sv
alu_out_pkg_hdl.vinfo
alu_out_pkg.sv
alu_out_pkg_sve.F
alu_out_pkg.vinfo
alu_out_xrtl.compile
compile.do
doc
Makefile
src
yaml

/tools/microchip/Libero_SoC_2025.1/Libero_SoC/ModelSim_Pro/examples/UVM_Framework/UVMF_2021.3/base_examples/verification_ip/interface_packages/alu_out_pkg/doc:
amba_spec.pdf

/tools/microchip/Libero_SoC_2025.1/Libero_SoC/ModelSim_Pro/examples/UVM_Framework/UVMF_2021.3/base_examples/verification_ip/interface_packages/alu_out_pkg/src:
alu_out2reg_adapter.svh
alu_out_agent.svh
alu_out_configuration.svh
alu_out_driver_bfm.sv
alu_out_driver.svh
alu_out_if.sv
alu_out_macros.svh
alu_out_monitor_bfm.sv
alu_out_monitor.svh
alu_out_random_sequence.svh
alu_out_responder_sequence.svh
alu_out_sequence_base.svh
alu_out_transaction_coverage.svh
alu_out_transaction.svh
alu_out_typedefs_hdl.svh
alu_out_typedefs.svh

/tools/microchip/Libero_SoC_2025.1/Libero_SoC/ModelSim_Pro/examples/UVM_Framework/UVMF_2021.3/base_examples/verification_ip/interface_packages/alu_out_pkg/yaml:
alu_out_interface.yaml

/tools/microchip/Libero_SoC_2025.1/Libero_SoC/ModelSim_Pro/examples/UVM_Framework/UVMF_2021.3/base_examples/verification_ip/interface_packages/gpio_pkg:
compile.do
gpio_bfm.vinfo
gpio.compile
gpio_filelist_hdl.f
gpio_filelist_hvl.f
gpio_filelist_xrtl.f
gpio_hdl.compile
gpio_hvl.compile
gpio_pkg_hdl.sv
gpio_pkg_hdl.vinfo
gpio_pkg.sv
gpio_pkg_sve.F
gpio_pkg.vinfo
gpio_xrtl.compile
Makefile
src
yaml

/tools/microchip/Libero_SoC_2025.1/Libero_SoC/ModelSim_Pro/examples/UVM_Framework/UVMF_2021.3/base_examples/verification_ip/interface_packages/gpio_pkg/src:
gpio2reg_adapter.svh
gpio_agent.svh
gpio_configuration.svh
gpio_driver_bfm.sv
gpio_driver.svh
gpio_if.sv
gpio_macros.svh
gpio_monitor_bfm.sv
gpio_monitor.svh
gpio_random_sequence.svh
gpio_responder_sequence.svh
gpio_sequence_base.svh
gpio_sequence.svh
gpio_transaction_coverage.svh
gpio_transaction.svh
gpio_typedefs_hdl.svh
gpio_typedefs.svh

/tools/microchip/Libero_SoC_2025.1/Libero_SoC/ModelSim_Pro/examples/UVM_Framework/UVMF_2021.3/base_examples/verification_ip/interface_packages/gpio_pkg/yaml:
gpio_interface.yaml

/tools/microchip/Libero_SoC_2025.1/Libero_SoC/ModelSim_Pro/examples/UVM_Framework/UVMF_2021.3/base_examples/verification_ip/interface_packages/spi_pkg:
compile.do
doc
Makefile
spi_bfm.vinfo
spi.compile
spi_filelist_hdl.f
spi_filelist_hvl.f
spi_filelist_xrtl.f
spi_hdl.compile
spi_hvl.compile
spi_pkg_hdl.sv
spi_pkg_hdl.vinfo
spi_pkg.sv
spi_pkg_sve.F
spi_pkg.vinfo
spi_xrtl.compile
src
yaml

/tools/microchip/Libero_SoC_2025.1/Libero_SoC/ModelSim_Pro/examples/UVM_Framework/UVMF_2021.3/base_examples/verification_ip/interface_packages/spi_pkg/doc:
spi_if_wiring.pdf

/tools/microchip/Libero_SoC_2025.1/Libero_SoC/ModelSim_Pro/examples/UVM_Framework/UVMF_2021.3/base_examples/verification_ip/interface_packages/spi_pkg/src:
spi2reg_adapter.svh
spi_agent.svh
spi_configuration.svh
spi_driver_bfm.sv
spi_driver.svh
spi_if.sv
spi_macros.svh
spi_master_seq.svh
spi_mem_slave_seq.svh
spi_mem_slave_transaction_coverage.svh
spi_mem_slave_transaction.svh
spi_mem_slave_transaction_viewer.svh
spi_monitor_bfm.sv
spi_monitor.svh
spi_random_sequence.svh
spi_responder_sequence.svh
spi_sequence_base.svh
spi_transaction_coverage.svh
spi_transaction.svh
spi_typedefs_hdl.svh
spi_typedefs.svh

/tools/microchip/Libero_SoC_2025.1/Libero_SoC/ModelSim_Pro/examples/UVM_Framework/UVMF_2021.3/base_examples/verification_ip/interface_packages/spi_pkg/yaml:
spi_interface.yaml

/tools/microchip/Libero_SoC_2025.1/Libero_SoC/ModelSim_Pro/examples/UVM_Framework/UVMF_2021.3/base_examples/verification_ip/interface_packages/wb_pkg:
compile.do
Makefile
src
wb_bfm.vinfo
wb.compile
wb_filelist_hdl.f
wb_filelist_hvl.f
wb_filelist_xrtl.f
wb_hdl.compile
wb_hvl.compile
wb_pkg_hdl.sv
wb_pkg_hdl.vinfo
wb_pkg.sv
wb_pkg_sve.F
wb_pkg.vinfo
wb_xrtl.compile
yaml

/tools/microchip/Libero_SoC_2025.1/Libero_SoC/ModelSim_Pro/examples/UVM_Framework/UVMF_2021.3/base_examples/verification_ip/interface_packages/wb_pkg/src:
wb2reg_adapter.svh
wb_agent.svh
wb_configuration.svh
wb_driver_bfm.sv
wb_driver.svh
wb_if.sv
wb_infact_sequence.svh
wb_macros.svh
wb_master_access_sequence.svh
wb_memory_slave_sequence.svh
wb_monitor_bfm.sv
wb_monitor.svh
wb_random_sequence.svh
wb_reset_sequence.svh
wb_responder_sequence.svh
wb_sequence_base.svh
wb_slave_access_sequence.svh
wb_transaction_coverage.svh
wb_transaction.svh
wb_typedefs_hdl.svh
wb_typedefs.svh

/tools/microchip/Libero_SoC_2025.1/Libero_SoC/ModelSim_Pro/examples/UVM_Framework/UVMF_2021.3/base_examples/verification_ip/interface_packages/wb_pkg/yaml:
wb_interface.yaml

/tools/microchip/Libero_SoC_2025.1/Libero_SoC/ModelSim_Pro/examples/UVM_Framework/UVMF_2021.3/base_examples/verification_ip/utility_packages:
int_pkg

/tools/microchip/Libero_SoC_2025.1/Libero_SoC/ModelSim_Pro/examples/UVM_Framework/UVMF_2021.3/base_examples/verification_ip/utility_packages/int_pkg:
src

/tools/microchip/Libero_SoC_2025.1/Libero_SoC/ModelSim_Pro/examples/UVM_Framework/UVMF_2021.3/base_examples/verification_ip/utility_packages/int_pkg/src:

/tools/microchip/Libero_SoC_2025.1/Libero_SoC/ModelSim_Pro/examples/UVM_Framework/UVMF_2021.3/common:
common_sve.f
dpi_link_pkg
fli_pkg
mgc_vip
modules
sv_connect
utility_packages
uvmc
uvm_co_emulation_utilities

/tools/microchip/Libero_SoC_2025.1/Libero_SoC/ModelSim_Pro/examples/UVM_Framework/UVMF_2021.3/common/dpi_link_pkg:
doc
dpi_link.cpp
dpi_link_event.svh
dpi_link.h
dpi_link_imports.svh
dpi_link_macros.svh
dpi_link_o.mk
dpi_link_pkg.sv
dpi_link_pkg.vf
dpi_link_pkg.vinfo
dpi_link_proxy.svh
dpi_link_uvmf_imports.svh
Makefile
mcd_macros.svh
uvmf_tc.cpp

/tools/microchip/Libero_SoC_2025.1/Libero_SoC/ModelSim_Pro/examples/UVM_Framework/UVMF_2021.3/common/dpi_link_pkg/doc:
DPI_Link_Users_Guide.html

/tools/microchip/Libero_SoC_2025.1/Libero_SoC/ModelSim_Pro/examples/UVM_Framework/UVMF_2021.3/common/fli_pkg:
fli_pkg.compile
fli_pkg.sv
fli_pkg.vinfo
Makefile
src

/tools/microchip/Libero_SoC_2025.1/Libero_SoC/ModelSim_Pro/examples/UVM_Framework/UVMF_2021.3/common/fli_pkg/src:
fli.svh

/tools/microchip/Libero_SoC_2025.1/Libero_SoC/ModelSim_Pro/examples/UVM_Framework/UVMF_2021.3/common/mgc_vip:
ace
ahb
apb
axi
axi4
axi4stream
axi4_v2
ethernet

/tools/microchip/Libero_SoC_2025.1/Libero_SoC/ModelSim_Pro/examples/UVM_Framework/UVMF_2021.3/common/mgc_vip/ace:
mgc_ace_hvl.svh
mgc_ace_master_hdl.sv
mgc_ace_master_hdl.sv.new
mgc_ace_master_hvl.sv
mgc_ace_monitor_hdl.sv
mgc_ace_monitor_hvl.sv
mgc_ace_signal_if.sv
mgc_ace_slave_hdl.sv
mgc_ace_slave_hvl.sv
mgc_ace_v2_signal_if.sv

/tools/microchip/Libero_SoC_2025.1/Libero_SoC/ModelSim_Pro/examples/UVM_Framework/UVMF_2021.3/common/mgc_vip/ahb:
mgc_ahb_hvl.svh
mgc_ahb_master_hdl.sv
mgc_ahb_master_hvl.sv
mgc_ahb_module_hvl.sv
mgc_ahb_signal_if.sv
mgc_ahb_slave_hdl.sv
mgc_ahb_slave_hvl.sv

/tools/microchip/Libero_SoC_2025.1/Libero_SoC/ModelSim_Pro/examples/UVM_Framework/UVMF_2021.3/common/mgc_vip/apb:
apb_master_hdl_wrapper.sv
apb_master_hvl_wrapper.sv
apb_monitor_hdl_wrapper.sv
apb_monitor_hvl_wrapper.sv

/tools/microchip/Libero_SoC_2025.1/Libero_SoC/ModelSim_Pro/examples/UVM_Framework/UVMF_2021.3/common/mgc_vip/axi:
mgc_axi_hvl.svh
mgc_axi_master_hdl.sv
mgc_axi_master_hdl.sv.new
mgc_axi_master_hvl.sv
mgc_axi_monitor_hdl.sv
mgc_axi_monitor_hvl.sv
mgc_axi_signal_if.sv
mgc_axi_slave_hdl.sv
mgc_axi_slave_hvl.sv

/tools/microchip/Libero_SoC_2025.1/Libero_SoC/ModelSim_Pro/examples/UVM_Framework/UVMF_2021.3/common/mgc_vip/axi4:
mgc_axi4_hvl.svh
mgc_axi4_master_hdl.sv
mgc_axi4_master_hdl.sv.new
mgc_axi4_master_hvl.sv
mgc_axi4_monitor_hdl.sv
mgc_axi4_monitor_hvl.sv
mgc_axi4_signal_if.sv
mgc_axi4_slave_hdl.sv
mgc_axi4_slave_hvl.sv

/tools/microchip/Libero_SoC_2025.1/Libero_SoC/ModelSim_Pro/examples/UVM_Framework/UVMF_2021.3/common/mgc_vip/axi4stream:
axi4stream_master_hdl_wrapper.sv
axi4stream_master_hvl_wrapper.sv
axi4stream_monitor_hdl_wrapper.sv
axi4stream_monitor_hvl_wrapper.sv
axi4stream_slave_hdl_wrapper.sv
axi4stream_slave_hvl_wrapper.sv

/tools/microchip/Libero_SoC_2025.1/Libero_SoC/ModelSim_Pro/examples/UVM_Framework/UVMF_2021.3/common/mgc_vip/axi4_v2:
mgc_axi4_hvl.svh
mgc_axi4_master_hdl.sv
mgc_axi4_master_hdl.sv.new
mgc_axi4_master_hvl.sv
mgc_axi4_monitor_hdl.sv
mgc_axi4_monitor_hvl.sv
mgc_axi4_signal_if.sv
mgc_axi4_slave_hdl.sv
mgc_axi4_slave_hvl.sv

/tools/microchip/Libero_SoC_2025.1/Libero_SoC/ModelSim_Pro/examples/UVM_Framework/UVMF_2021.3/common/mgc_vip/ethernet:
mgc_ethernet_device_hdl.sv
mgc_ethernet_hvl.sv
mgc_ethernet_mac_hdl.sv
mgc_ethernet_signal_if.sv

/tools/microchip/Libero_SoC_2025.1/Libero_SoC/ModelSim_Pro/examples/UVM_Framework/UVMF_2021.3/common/modules:
ahb_master.v
ahb_memory_slave_module_hdl.sv
ahb_memory_slave_module_hvl.sv
ahb_memory_slave_module.sv
ahb_slave.v
apb3_memory_slave_module.sv
AXI_slave_v.v

/tools/microchip/Libero_SoC_2025.1/Libero_SoC/ModelSim_Pro/examples/UVM_Framework/UVMF_2021.3/common/sv_connect:
hvl
lib
Makefile

/tools/microchip/Libero_SoC_2025.1/Libero_SoC/ModelSim_Pro/examples/UVM_Framework/UVMF_2021.3/common/sv_connect/hvl:
svdpi.sv

/tools/microchip/Libero_SoC_2025.1/Libero_SoC/ModelSim_Pro/examples/UVM_Framework/UVMF_2021.3/common/sv_connect/lib:
linux_el30_gnu4
linux_el30_gnu450
linux_el30_gnu450_x86_64
linux_el30_gnu4_x86_64

/tools/microchip/Libero_SoC_2025.1/Libero_SoC/ModelSim_Pro/examples/UVM_Framework/UVMF_2021.3/common/sv_connect/lib/linux_el30_gnu4:
sv_connect_vpi.so

/tools/microchip/Libero_SoC_2025.1/Libero_SoC/ModelSim_Pro/examples/UVM_Framework/UVMF_2021.3/common/sv_connect/lib/linux_el30_gnu450:
sv_connect_vpi.so

/tools/microchip/Libero_SoC_2025.1/Libero_SoC/ModelSim_Pro/examples/UVM_Framework/UVMF_2021.3/common/sv_connect/lib/linux_el30_gnu450_x86_64:
sv_connect_vpi.so

/tools/microchip/Libero_SoC_2025.1/Libero_SoC/ModelSim_Pro/examples/UVM_Framework/UVMF_2021.3/common/sv_connect/lib/linux_el30_gnu4_x86_64:
sv_connect_vpi.so

/tools/microchip/Libero_SoC_2025.1/Libero_SoC/ModelSim_Pro/examples/UVM_Framework/UVMF_2021.3/common/utility_packages:
qvip_utils_pkg

/tools/microchip/Libero_SoC_2025.1/Libero_SoC/ModelSim_Pro/examples/UVM_Framework/UVMF_2021.3/common/utility_packages/qvip_utils_pkg:
Makefile
qvip_utils_pkg.compile
qvip_utils_pkg.sv
src

/tools/microchip/Libero_SoC_2025.1/Libero_SoC/ModelSim_Pro/examples/UVM_Framework/UVMF_2021.3/common/utility_packages/qvip_utils_pkg/src:
qvip_agent_adapter.svh
qvip_memory_agent.svh
qvip_report_catcher.svh

/tools/microchip/Libero_SoC_2025.1/Libero_SoC/ModelSim_Pro/examples/UVM_Framework/UVMF_2021.3/common/uvmc:
Makefile

/tools/microchip/Libero_SoC_2025.1/Libero_SoC/ModelSim_Pro/examples/UVM_Framework/UVMF_2021.3/common/uvm_co_emulation_utilities:
clock_filelist_hdl.f
clock_filelist_hvl.f
clock_pkg_hdl.vinfo
clock_pkg_hvl.vinfo
Makefile
memload_filelist_hdl.f
memload_filelist_hvl.f
reset_filelist_hdl.f
reset_filelist_hvl.f
reset_pkg_hdl.vinfo
reset_pkg_hvl.vinfo
uvm_co-emulation_utilities

/tools/microchip/Libero_SoC_2025.1/Libero_SoC/ModelSim_Pro/examples/UVM_Framework/UVMF_2021.3/common/uvm_co_emulation_utilities/uvm_co-emulation_utilities:
Makefile
tests
utils
version

/tools/microchip/Libero_SoC_2025.1/Libero_SoC/ModelSim_Pro/examples/UVM_Framework/UVMF_2021.3/common/uvm_co_emulation_utilities/uvm_co-emulation_utilities/tests:
clock_tester
reg_access_file_test

/tools/microchip/Libero_SoC_2025.1/Libero_SoC/ModelSim_Pro/examples/UVM_Framework/UVMF_2021.3/common/uvm_co_emulation_utilities/uvm_co-emulation_utilities/tests/clock_tester:
clock_test
sim
top

/tools/microchip/Libero_SoC_2025.1/Libero_SoC/ModelSim_Pro/examples/UVM_Framework/UVMF_2021.3/common/uvm_co_emulation_utilities/uvm_co-emulation_utilities/tests/clock_tester/clock_test:
base_test.svh
clock_test_pkg.sv
clock_test.svh
manual_reset_test.svh
reset_test.svh

/tools/microchip/Libero_SoC_2025.1/Libero_SoC/ModelSim_Pro/examples/UVM_Framework/UVMF_2021.3/common/uvm_co_emulation_utilities/uvm_co-emulation_utilities/tests/clock_tester/sim:
hdl_files.f
hvl_files.f
Makefile
shared_files.f
veloce.config
vsim.do
Wave0.sig
xwaves.sigs

/tools/microchip/Libero_SoC_2025.1/Libero_SoC/ModelSim_Pro/examples/UVM_Framework/UVMF_2021.3/common/uvm_co_emulation_utilities/uvm_co-emulation_utilities/tests/clock_tester/top:
hdl_top.sv
hvl_top.sv
shared_params_pkg.sv

/tools/microchip/Libero_SoC_2025.1/Libero_SoC/ModelSim_Pro/examples/UVM_Framework/UVMF_2021.3/common/uvm_co_emulation_utilities/uvm_co-emulation_utilities/tests/reg_access_file_test:
create_access_file.sv
Makefile
register_files

/tools/microchip/Libero_SoC_2025.1/Libero_SoC/ModelSim_Pro/examples/UVM_Framework/UVMF_2021.3/common/uvm_co_emulation_utilities/uvm_co-emulation_utilities/tests/reg_access_file_test/register_files:
dut_registers_pkg.sv
quirky_regs_pkg.sv

/tools/microchip/Libero_SoC_2025.1/Libero_SoC/ModelSim_Pro/examples/UVM_Framework/UVMF_2021.3/common/uvm_co_emulation_utilities/uvm_co-emulation_utilities/utils:
clock
memload
reg_access_file
reset

/tools/microchip/Libero_SoC_2025.1/Libero_SoC/ModelSim_Pro/examples/UVM_Framework/UVMF_2021.3/common/uvm_co_emulation_utilities/uvm_co-emulation_utilities/utils/clock:
clock_bfm.sv
clock_ctrl_base.svh
clock_ctrl.svh
clock_pkg.sv
clock_util_hdl.f
clock_util_hvl.f
XlSvQueue.svh
XlSvTimeSync.svh

/tools/microchip/Libero_SoC_2025.1/Libero_SoC/ModelSim_Pro/examples/UVM_Framework/UVMF_2021.3/common/uvm_co_emulation_utilities/uvm_co-emulation_utilities/utils/memload:
Makefile
memload.cc
memload_pkg.sv

/tools/microchip/Libero_SoC_2025.1/Libero_SoC/ModelSim_Pro/examples/UVM_Framework/UVMF_2021.3/common/uvm_co_emulation_utilities/uvm_co-emulation_utilities/utils/reg_access_file:
print_uvm_reg_acc_pkg.sv
README.txt

/tools/microchip/Libero_SoC_2025.1/Libero_SoC/ModelSim_Pro/examples/UVM_Framework/UVMF_2021.3/common/uvm_co_emulation_utilities/uvm_co-emulation_utilities/utils/reset:
async_reset_bfm.sv
async_reset_ctrl.svh
reset_ctrl_base.svh
reset_pkg.sv
reset_util_hdl.f
reset_util_hvl.f
sync_reset_bfm.sv
sync_reset_ctrl.svh

/tools/microchip/Libero_SoC_2025.1/Libero_SoC/ModelSim_Pro/examples/UVM_Framework/UVMF_2021.3/docs:
generator_tutorials
UVM_Co-Emulation_Utility_Library_User_Guide.pdf
UVMF_Code_Generator_YAML_Reference.pdf
uvmf_config_db_use_DVCon_poster.pdf
uvmf_config_db_use_DVCon_whitepaper.pdf
uvmf_initialize_flow_DVCon_poster.pdf
uvmf_initialize_flow_DVCon_whitepaper.pdf
UVMF_Mathworks_Integration_Users_Guide.pdf
UVM_Framework_Users_Guide.pdf
uvmf.RELEASE_NOTES

/tools/microchip/Libero_SoC_2025.1/Libero_SoC/ModelSim_Pro/examples/UVM_Framework/UVMF_2021.3/docs/generator_tutorials:
alu
alu_with_qvip_and_uvm_reg_model
fpu_with_dpi-c

/tools/microchip/Libero_SoC_2025.1/Libero_SoC/ModelSim_Pro/examples/UVM_Framework/UVMF_2021.3/docs/generator_tutorials/alu:
ALU_UVMF_Step_By_Step_Guide.pdf
alu.v
completed_solution
yaml_config_files

/tools/microchip/Libero_SoC_2025.1/Libero_SoC/ModelSim_Pro/examples/UVM_Framework/UVMF_2021.3/docs/generator_tutorials/alu/completed_solution:
completed_uvmf_template_output

/tools/microchip/Libero_SoC_2025.1/Libero_SoC/ModelSim_Pro/examples/UVM_Framework/UVMF_2021.3/docs/generator_tutorials/alu/completed_solution/completed_uvmf_template_output:
project_benches
verification_ip

/tools/microchip/Libero_SoC_2025.1/Libero_SoC/ModelSim_Pro/examples/UVM_Framework/UVMF_2021.3/docs/generator_tutorials/alu/completed_solution/completed_uvmf_template_output/project_benches:
ALU

/tools/microchip/Libero_SoC_2025.1/Libero_SoC/ModelSim_Pro/examples/UVM_Framework/UVMF_2021.3/docs/generator_tutorials/alu/completed_solution/completed_uvmf_template_output/project_benches/ALU:
ALU_sve.F
docs
registers
rtl
sim
tb
yaml

/tools/microchip/Libero_SoC_2025.1/Libero_SoC/ModelSim_Pro/examples/UVM_Framework/UVMF_2021.3/docs/generator_tutorials/alu/completed_solution/completed_uvmf_template_output/project_benches/ALU/docs:
interfaces.csv
README.txt

/tools/microchip/Libero_SoC_2025.1/Libero_SoC/ModelSim_Pro/examples/UVM_Framework/UVMF_2021.3/docs/generator_tutorials/alu/completed_solution/completed_uvmf_template_output/project_benches/ALU/registers:
README.txt

/tools/microchip/Libero_SoC_2025.1/Libero_SoC/ModelSim_Pro/examples/UVM_Framework/UVMF_2021.3/docs/generator_tutorials/alu/completed_solution/completed_uvmf_template_output/project_benches/ALU/rtl:
verilog
vhdl

/tools/microchip/Libero_SoC_2025.1/Libero_SoC/ModelSim_Pro/examples/UVM_Framework/UVMF_2021.3/docs/generator_tutorials/alu/completed_solution/completed_uvmf_template_output/project_benches/ALU/rtl/verilog:
alu.v
README.txt
verilog_dut.v
verilog_dut.vinfo

/tools/microchip/Libero_SoC_2025.1/Libero_SoC/ModelSim_Pro/examples/UVM_Framework/UVMF_2021.3/docs/generator_tutorials/alu/completed_solution/completed_uvmf_template_output/project_benches/ALU/rtl/vhdl:
README.txt
vhdl_dut.vhd

/tools/microchip/Libero_SoC_2025.1/Libero_SoC/ModelSim_Pro/examples/UVM_Framework/UVMF_2021.3/docs/generator_tutorials/alu/completed_solution/completed_uvmf_template_output/project_benches/ALU/sim:
compile.do
hdl.vinfo
hvl.vinfo
invoke_questa.bat
Makefile
run.do
tbx.config
testlist
veloce.config
viswave.do
wave.do
xwaves.sigs

/tools/microchip/Libero_SoC_2025.1/Libero_SoC/ModelSim_Pro/examples/UVM_Framework/UVMF_2021.3/docs/generator_tutorials/alu/completed_solution/completed_uvmf_template_output/project_benches/ALU/tb:
parameters
sequences
testbench
tests

/tools/microchip/Libero_SoC_2025.1/Libero_SoC/ModelSim_Pro/examples/UVM_Framework/UVMF_2021.3/docs/generator_tutorials/alu/completed_solution/completed_uvmf_template_output/project_benches/ALU/tb/parameters:
ALU_parameters_pkg.sv
ALU_parameters_pkg.vinfo

/tools/microchip/Libero_SoC_2025.1/Libero_SoC/ModelSim_Pro/examples/UVM_Framework/UVMF_2021.3/docs/generator_tutorials/alu/completed_solution/completed_uvmf_template_output/project_benches/ALU/tb/sequences:
ALU_sequences_pkg.sv
ALU_sequences_pkg.vinfo
src

/tools/microchip/Libero_SoC_2025.1/Libero_SoC/ModelSim_Pro/examples/UVM_Framework/UVMF_2021.3/docs/generator_tutorials/alu/completed_solution/completed_uvmf_template_output/project_benches/ALU/tb/sequences/src:
ALU_bench_sequence_base.svh
ALU_random_sequence.svh
example_derived_test_sequence.svh
register_test_sequence.svh

/tools/microchip/Libero_SoC_2025.1/Libero_SoC/ModelSim_Pro/examples/UVM_Framework/UVMF_2021.3/docs/generator_tutorials/alu/completed_solution/completed_uvmf_template_output/project_benches/ALU/tb/testbench:
hdl_top.sv
hdl_top.vinfo
hvl_top.sv
hvl_top.vinfo
top_filelist_hdl.f
top_filelist_hvl.f

/tools/microchip/Libero_SoC_2025.1/Libero_SoC/ModelSim_Pro/examples/UVM_Framework/UVMF_2021.3/docs/generator_tutorials/alu/completed_solution/completed_uvmf_template_output/project_benches/ALU/tb/tests:
ALU_tests_pkg.sv
ALU_tests_pkg.vinfo
src

/tools/microchip/Libero_SoC_2025.1/Libero_SoC/ModelSim_Pro/examples/UVM_Framework/UVMF_2021.3/docs/generator_tutorials/alu/completed_solution/completed_uvmf_template_output/project_benches/ALU/tb/tests/src:
ALU_random_test.svh
example_derived_test.svh
register_test.svh
test_top.svh

/tools/microchip/Libero_SoC_2025.1/Libero_SoC/ModelSim_Pro/examples/UVM_Framework/UVMF_2021.3/docs/generator_tutorials/alu/completed_solution/completed_uvmf_template_output/project_benches/ALU/yaml:
ALU_bench.yaml

/tools/microchip/Libero_SoC_2025.1/Libero_SoC/ModelSim_Pro/examples/UVM_Framework/UVMF_2021.3/docs/generator_tutorials/alu/completed_solution/completed_uvmf_template_output/verification_ip:
environment_packages
interface_packages

/tools/microchip/Libero_SoC_2025.1/Libero_SoC/ModelSim_Pro/examples/UVM_Framework/UVMF_2021.3/docs/generator_tutorials/alu/completed_solution/completed_uvmf_template_output/verification_ip/environment_packages:
ALU_env_pkg

/tools/microchip/Libero_SoC_2025.1/Libero_SoC/ModelSim_Pro/examples/UVM_Framework/UVMF_2021.3/docs/generator_tutorials/alu/completed_solution/completed_uvmf_template_output/verification_ip/environment_packages/ALU_env_pkg:
ALU_env_pkg.sv
ALU_env_pkg_sve.F
ALU_env_pkg.vinfo
compile.do
Makefile
src
yaml

/tools/microchip/Libero_SoC_2025.1/Libero_SoC/ModelSim_Pro/examples/UVM_Framework/UVMF_2021.3/docs/generator_tutorials/alu/completed_solution/completed_uvmf_template_output/verification_ip/environment_packages/ALU_env_pkg/src:
ALU_env_configuration.svh
ALU_environment.svh
ALU_env_sequence_base.svh
ALU_env_typedefs.svh
ALU_predictor.svh

/tools/microchip/Libero_SoC_2025.1/Libero_SoC/ModelSim_Pro/examples/UVM_Framework/UVMF_2021.3/docs/generator_tutorials/alu/completed_solution/completed_uvmf_template_output/verification_ip/environment_packages/ALU_env_pkg/yaml:
ALU_environment.yaml
ALU_util_comp_ALU_predictor.yaml

/tools/microchip/Libero_SoC_2025.1/Libero_SoC/ModelSim_Pro/examples/UVM_Framework/UVMF_2021.3/docs/generator_tutorials/alu/completed_solution/completed_uvmf_template_output/verification_ip/interface_packages:
ALU_in_pkg
ALU_out_pkg

/tools/microchip/Libero_SoC_2025.1/Libero_SoC/ModelSim_Pro/examples/UVM_Framework/UVMF_2021.3/docs/generator_tutorials/alu/completed_solution/completed_uvmf_template_output/verification_ip/interface_packages/ALU_in_pkg:
ALU_in_bfm.vinfo
ALU_in_filelist_hdl.f
ALU_in_filelist_hvl.f
ALU_in_pkg_hdl.sv
ALU_in_pkg_hdl.vinfo
ALU_in_pkg.sv
ALU_in_pkg_sve.F
ALU_in_pkg.vinfo
compile.do
Makefile
src
yaml

/tools/microchip/Libero_SoC_2025.1/Libero_SoC/ModelSim_Pro/examples/UVM_Framework/UVMF_2021.3/docs/generator_tutorials/alu/completed_solution/completed_uvmf_template_output/verification_ip/interface_packages/ALU_in_pkg/src:
ALU_in2reg_adapter.svh
ALU_in_agent.svh
ALU_in_configuration.svh
ALU_in_driver_bfm.sv
ALU_in_driver.svh
ALU_in_if.sv
ALU_in_macros.svh
ALU_in_monitor_bfm.sv
ALU_in_monitor.svh
ALU_in_random_sequence.svh
ALU_in_reset_sequence.svh
ALU_in_responder_sequence.svh
ALU_in_sequence_base.svh
ALU_in_transaction_coverage.svh
ALU_in_transaction.svh
ALU_in_typedefs_hdl.svh
ALU_in_typedefs.svh

/tools/microchip/Libero_SoC_2025.1/Libero_SoC/ModelSim_Pro/examples/UVM_Framework/UVMF_2021.3/docs/generator_tutorials/alu/completed_solution/completed_uvmf_template_output/verification_ip/interface_packages/ALU_in_pkg/yaml:
ALU_in_interface.yaml

/tools/microchip/Libero_SoC_2025.1/Libero_SoC/ModelSim_Pro/examples/UVM_Framework/UVMF_2021.3/docs/generator_tutorials/alu/completed_solution/completed_uvmf_template_output/verification_ip/interface_packages/ALU_out_pkg:
ALU_out_bfm.vinfo
ALU_out_filelist_hdl.f
ALU_out_filelist_hvl.f
ALU_out_pkg_hdl.sv
ALU_out_pkg_hdl.vinfo
ALU_out_pkg.sv
ALU_out_pkg_sve.F
ALU_out_pkg.vinfo
compile.do
Makefile
src
yaml

/tools/microchip/Libero_SoC_2025.1/Libero_SoC/ModelSim_Pro/examples/UVM_Framework/UVMF_2021.3/docs/generator_tutorials/alu/completed_solution/completed_uvmf_template_output/verification_ip/interface_packages/ALU_out_pkg/src:
ALU_out2reg_adapter.svh
ALU_out_agent.svh
ALU_out_configuration.svh
ALU_out_driver_bfm.sv
ALU_out_driver.svh
ALU_out_if.sv
ALU_out_macros.svh
ALU_out_monitor_bfm.sv
ALU_out_monitor.svh
ALU_out_random_sequence.svh
ALU_out_responder_sequence.svh
ALU_out_sequence_base.svh
ALU_out_transaction_coverage.svh
ALU_out_transaction.svh
ALU_out_typedefs_hdl.svh
ALU_out_typedefs.svh

/tools/microchip/Libero_SoC_2025.1/Libero_SoC/ModelSim_Pro/examples/UVM_Framework/UVMF_2021.3/docs/generator_tutorials/alu/completed_solution/completed_uvmf_template_output/verification_ip/interface_packages/ALU_out_pkg/yaml:
ALU_out_interface.yaml

/tools/microchip/Libero_SoC_2025.1/Libero_SoC/ModelSim_Pro/examples/UVM_Framework/UVMF_2021.3/docs/generator_tutorials/alu/yaml_config_files:
ALU_bench.yaml
ALU_environment.yaml
ALU_in_interface.yaml
ALU_out_interface.yaml
ALU_util_comp_alu_predictor.yaml
run_yaml_uvmf_scripts.bat

/tools/microchip/Libero_SoC_2025.1/Libero_SoC/ModelSim_Pro/examples/UVM_Framework/UVMF_2021.3/docs/generator_tutorials/alu_with_qvip_and_uvm_reg_model:
alu_bench_cfg.yaml
alu_blocks.csv
alu_env_cfg.yaml
ALU_functional_verification_plan.xml
alu_if_cfg.yaml
alu_maps.csv
alu_mems.csv
alu_reg_pkg.sv
alu_regs.csv
alu.v
APB3_functional_verification_plan.xml
completed_uvmf_template_output
qvip_agents_dir
qvip_agents_subenv_config.yaml
utility_components.yaml

/tools/microchip/Libero_SoC_2025.1/Libero_SoC/ModelSim_Pro/examples/UVM_Framework/UVMF_2021.3/docs/generator_tutorials/alu_with_qvip_and_uvm_reg_model/completed_uvmf_template_output:
project_benches
verification_ip

/tools/microchip/Libero_SoC_2025.1/Libero_SoC/ModelSim_Pro/examples/UVM_Framework/UVMF_2021.3/docs/generator_tutorials/alu_with_qvip_and_uvm_reg_model/completed_uvmf_template_output/project_benches:
alu

/tools/microchip/Libero_SoC_2025.1/Libero_SoC/ModelSim_Pro/examples/UVM_Framework/UVMF_2021.3/docs/generator_tutorials/alu_with_qvip_and_uvm_reg_model/completed_uvmf_template_output/project_benches/alu:
alu_sve.F
docs
registers
rtl
sim
tb
yaml

/tools/microchip/Libero_SoC_2025.1/Libero_SoC/ModelSim_Pro/examples/UVM_Framework/UVMF_2021.3/docs/generator_tutorials/alu_with_qvip_and_uvm_reg_model/completed_uvmf_template_output/project_benches/alu/docs:
interfaces.csv
README.txt

/tools/microchip/Libero_SoC_2025.1/Libero_SoC/ModelSim_Pro/examples/UVM_Framework/UVMF_2021.3/docs/generator_tutorials/alu_with_qvip_and_uvm_reg_model/completed_uvmf_template_output/project_benches/alu/registers:
README.txt

/tools/microchip/Libero_SoC_2025.1/Libero_SoC/ModelSim_Pro/examples/UVM_Framework/UVMF_2021.3/docs/generator_tutorials/alu_with_qvip_and_uvm_reg_model/completed_uvmf_template_output/project_benches/alu/rtl:
verilog
vhdl

/tools/microchip/Libero_SoC_2025.1/Libero_SoC/ModelSim_Pro/examples/UVM_Framework/UVMF_2021.3/docs/generator_tutorials/alu_with_qvip_and_uvm_reg_model/completed_uvmf_template_output/project_benches/alu/rtl/verilog:
alu.v
README.txt
verilog_dut.v
verilog_dut.vinfo

/tools/microchip/Libero_SoC_2025.1/Libero_SoC/ModelSim_Pro/examples/UVM_Framework/UVMF_2021.3/docs/generator_tutorials/alu_with_qvip_and_uvm_reg_model/completed_uvmf_template_output/project_benches/alu/rtl/vhdl:
README.txt
vhdl_dut.vhd

/tools/microchip/Libero_SoC_2025.1/Libero_SoC/ModelSim_Pro/examples/UVM_Framework/UVMF_2021.3/docs/generator_tutorials/alu_with_qvip_and_uvm_reg_model/completed_uvmf_template_output/project_benches/alu/sim:
ALU_functional_verification_plan_2020.1.xml
ALU_functional_verification_plan.xml
APB3_functional_verification_plan.xml
compile.do
default.rmdb
hdl.vinfo
hvl.vinfo
Makefile
reg_errors.txt
run.do
tbx.config
testlist
veloce.config
velrunopts.ini
viswave.do
wave.do
xwaves.sigs

/tools/microchip/Libero_SoC_2025.1/Libero_SoC/ModelSim_Pro/examples/UVM_Framework/UVMF_2021.3/docs/generator_tutorials/alu_with_qvip_and_uvm_reg_model/completed_uvmf_template_output/project_benches/alu/tb:
parameters
sequences
testbench
tests

/tools/microchip/Libero_SoC_2025.1/Libero_SoC/ModelSim_Pro/examples/UVM_Framework/UVMF_2021.3/docs/generator_tutorials/alu_with_qvip_and_uvm_reg_model/completed_uvmf_template_output/project_benches/alu/tb/parameters:
alu_parameters_pkg.sv
alu_parameters_pkg.vinfo

/tools/microchip/Libero_SoC_2025.1/Libero_SoC/ModelSim_Pro/examples/UVM_Framework/UVMF_2021.3/docs/generator_tutorials/alu_with_qvip_and_uvm_reg_model/completed_uvmf_template_output/project_benches/alu/tb/sequences:
alu_sequences_pkg.sv
alu_sequences_pkg.vinfo
src

/tools/microchip/Libero_SoC_2025.1/Libero_SoC/ModelSim_Pro/examples/UVM_Framework/UVMF_2021.3/docs/generator_tutorials/alu_with_qvip_and_uvm_reg_model/completed_uvmf_template_output/project_benches/alu/tb/sequences/src:
alu_bench_sequence_base.svh
alu_random_sequence.svh
apb3_alu_random_sequence.svh
apb3_random_sequence.svh
example_derived_test_sequence.svh
register_test_sequence.svh

/tools/microchip/Libero_SoC_2025.1/Libero_SoC/ModelSim_Pro/examples/UVM_Framework/UVMF_2021.3/docs/generator_tutorials/alu_with_qvip_and_uvm_reg_model/completed_uvmf_template_output/project_benches/alu/tb/testbench:
hdl_top.sv
hdl_top.vinfo
hvl_top.sv
hvl_top.vinfo
top_filelist_hdl.f
top_filelist_hvl.f

/tools/microchip/Libero_SoC_2025.1/Libero_SoC/ModelSim_Pro/examples/UVM_Framework/UVMF_2021.3/docs/generator_tutorials/alu_with_qvip_and_uvm_reg_model/completed_uvmf_template_output/project_benches/alu/tb/tests:
alu_tests_pkg.sv
alu_tests_pkg.vinfo
src

/tools/microchip/Libero_SoC_2025.1/Libero_SoC/ModelSim_Pro/examples/UVM_Framework/UVMF_2021.3/docs/generator_tutorials/alu_with_qvip_and_uvm_reg_model/completed_uvmf_template_output/project_benches/alu/tb/tests/src:
alu_random_test.svh
example_derived_test.svh
register_test.svh
test_top.svh

/tools/microchip/Libero_SoC_2025.1/Libero_SoC/ModelSim_Pro/examples/UVM_Framework/UVMF_2021.3/docs/generator_tutorials/alu_with_qvip_and_uvm_reg_model/completed_uvmf_template_output/project_benches/alu/yaml:
alu_bench.yaml

/tools/microchip/Libero_SoC_2025.1/Libero_SoC/ModelSim_Pro/examples/UVM_Framework/UVMF_2021.3/docs/generator_tutorials/alu_with_qvip_and_uvm_reg_model/completed_uvmf_template_output/verification_ip:
environment_packages
interface_packages

/tools/microchip/Libero_SoC_2025.1/Libero_SoC/ModelSim_Pro/examples/UVM_Framework/UVMF_2021.3/docs/generator_tutorials/alu_with_qvip_and_uvm_reg_model/completed_uvmf_template_output/verification_ip/environment_packages:
alu_env_pkg

/tools/microchip/Libero_SoC_2025.1/Libero_SoC/ModelSim_Pro/examples/UVM_Framework/UVMF_2021.3/docs/generator_tutorials/alu_with_qvip_and_uvm_reg_model/completed_uvmf_template_output/verification_ip/environment_packages/alu_env_pkg:
alu_env_pkg.sv
alu_env_pkg_sve.F
alu_env_pkg.vinfo
compile.do
Makefile
registers
src
yaml

/tools/microchip/Libero_SoC_2025.1/Libero_SoC/ModelSim_Pro/examples/UVM_Framework/UVMF_2021.3/docs/generator_tutorials/alu_with_qvip_and_uvm_reg_model/completed_uvmf_template_output/verification_ip/environment_packages/alu_env_pkg/registers:
alu_reg_pkg.sv

/tools/microchip/Libero_SoC_2025.1/Libero_SoC/ModelSim_Pro/examples/UVM_Framework/UVMF_2021.3/docs/generator_tutorials/alu_with_qvip_and_uvm_reg_model/completed_uvmf_template_output/verification_ip/environment_packages/alu_env_pkg/src:
alu_env_configuration.svh
alu_environment.svh
alu_env_sequence_base.svh
alu_env_typedefs.svh
alu_predictor.svh

/tools/microchip/Libero_SoC_2025.1/Libero_SoC/ModelSim_Pro/examples/UVM_Framework/UVMF_2021.3/docs/generator_tutorials/alu_with_qvip_and_uvm_reg_model/completed_uvmf_template_output/verification_ip/environment_packages/alu_env_pkg/yaml:
alu_environment.yaml
alu_util_comp_alu_predictor.yaml

/tools/microchip/Libero_SoC_2025.1/Libero_SoC/ModelSim_Pro/examples/UVM_Framework/UVMF_2021.3/docs/generator_tutorials/alu_with_qvip_and_uvm_reg_model/completed_uvmf_template_output/verification_ip/interface_packages:
alu_in_pkg
alu_out_pkg

/tools/microchip/Libero_SoC_2025.1/Libero_SoC/ModelSim_Pro/examples/UVM_Framework/UVMF_2021.3/docs/generator_tutorials/alu_with_qvip_and_uvm_reg_model/completed_uvmf_template_output/verification_ip/interface_packages/alu_in_pkg:
alu_in_bfm.vinfo
alu_in_filelist_hdl.f
alu_in_filelist_hvl.f
alu_in_filelist_xrtl.f
alu_in_pkg_hdl.sv
alu_in_pkg_hdl.vinfo
alu_in_pkg.sv
alu_in_pkg_sve.F
alu_in_pkg.vinfo
compile.do
Makefile
src
yaml

/tools/microchip/Libero_SoC_2025.1/Libero_SoC/ModelSim_Pro/examples/UVM_Framework/UVMF_2021.3/docs/generator_tutorials/alu_with_qvip_and_uvm_reg_model/completed_uvmf_template_output/verification_ip/interface_packages/alu_in_pkg/src:
alu_in2reg_adapter.svh
alu_in_agent.svh
alu_in_configuration.svh
alu_in_driver_bfm.sv
alu_in_driver.svh
alu_in_if.sv
alu_in_infact_coverage_strategy.csv
alu_in_macros.svh
alu_in_monitor_bfm.sv
alu_in_monitor.svh
alu_in_random_sequence.svh
alu_in_reset_sequence.svh
alu_in_responder_sequence.svh
alu_in_sequence_base.svh
alu_in_transaction_coverage.svh
alu_in_transaction.svh
alu_in_typedefs_hdl.svh
alu_in_typedefs.svh

/tools/microchip/Libero_SoC_2025.1/Libero_SoC/ModelSim_Pro/examples/UVM_Framework/UVMF_2021.3/docs/generator_tutorials/alu_with_qvip_and_uvm_reg_model/completed_uvmf_template_output/verification_ip/interface_packages/alu_in_pkg/yaml:
alu_in_interface.yaml

/tools/microchip/Libero_SoC_2025.1/Libero_SoC/ModelSim_Pro/examples/UVM_Framework/UVMF_2021.3/docs/generator_tutorials/alu_with_qvip_and_uvm_reg_model/completed_uvmf_template_output/verification_ip/interface_packages/alu_out_pkg:
alu_out_bfm.vinfo
alu_out_filelist_hdl.f
alu_out_filelist_hvl.f
alu_out_filelist_xrtl.f
alu_out_pkg_hdl.sv
alu_out_pkg_hdl.vinfo
alu_out_pkg.sv
alu_out_pkg_sve.F
alu_out_pkg.vinfo
compile.do
Makefile
src
yaml

/tools/microchip/Libero_SoC_2025.1/Libero_SoC/ModelSim_Pro/examples/UVM_Framework/UVMF_2021.3/docs/generator_tutorials/alu_with_qvip_and_uvm_reg_model/completed_uvmf_template_output/verification_ip/interface_packages/alu_out_pkg/src:
alu_out2reg_adapter.svh
alu_out_agent.svh
alu_out_configuration.svh
alu_out_driver_bfm.sv
alu_out_driver.svh
alu_out_if.sv
alu_out_infact_coverage_strategy.csv
alu_out_macros.svh
alu_out_monitor_bfm.sv
alu_out_monitor.svh
alu_out_random_sequence.svh
alu_out_responder_sequence.svh
alu_out_sequence_base.svh
alu_out_transaction_coverage.svh
alu_out_transaction.svh
alu_out_typedefs_hdl.svh
alu_out_typedefs.svh

/tools/microchip/Libero_SoC_2025.1/Libero_SoC/ModelSim_Pro/examples/UVM_Framework/UVMF_2021.3/docs/generator_tutorials/alu_with_qvip_and_uvm_reg_model/completed_uvmf_template_output/verification_ip/interface_packages/alu_out_pkg/yaml:
alu_out_interface.yaml

/tools/microchip/Libero_SoC_2025.1/Libero_SoC/ModelSim_Pro/examples/UVM_Framework/UVMF_2021.3/docs/generator_tutorials/alu_with_qvip_and_uvm_reg_model/qvip_agents_dir:
config_policies
qvip_agents_dir.cmd
uvmf
uvm_tb

/tools/microchip/Libero_SoC_2025.1/Libero_SoC/ModelSim_Pro/examples/UVM_Framework/UVMF_2021.3/docs/generator_tutorials/alu_with_qvip_and_uvm_reg_model/qvip_agents_dir/config_policies:
apb_master_0_config_policy.svh
qvip_agents_params_pkg.sv

/tools/microchip/Libero_SoC_2025.1/Libero_SoC/ModelSim_Pro/examples/UVM_Framework/UVMF_2021.3/docs/generator_tutorials/alu_with_qvip_and_uvm_reg_model/qvip_agents_dir/uvmf:
default_clk_gen.sv
default_reset_gen.sv
hdl_qvip_agents.sv
hvl_qvip_agents.sv
Makefile
questa_run_32
questa_run_64
qvip_agents_env_configuration.svh
qvip_agents_environment.svh
qvip_agents_filelist.f
qvip_agents_pkg.sv
qvip_agents_subenv_config.yaml
qvip_agents_test_base.svh
qvip_agents_test_filelist.f
qvip_agents_test_pkg.sv
qvip_agents_vseq_base.svh
test_packages.svh

/tools/microchip/Libero_SoC_2025.1/Libero_SoC/ModelSim_Pro/examples/UVM_Framework/UVMF_2021.3/docs/generator_tutorials/alu_with_qvip_and_uvm_reg_model/qvip_agents_dir/uvm_tb:
apb_master_0_sigs.do
apb_master_0_txns.do
default_clk_gen.sv
default_reset_gen.sv
hdl_qvip_agents.sv
hvl_qvip_agents.sv
ius_run_32
ius_run_64
Makefile
questa_run_32
questa_run_64
qvip_agents_env_config.svh
qvip_agents_env.svh
qvip_agents_pkg.sv
qvip_agents_test_base.svh
qvip_agents_vseq_base.svh
test_packages.svh
vcs_run_32
vcs_run_64

/tools/microchip/Libero_SoC_2025.1/Libero_SoC/ModelSim_Pro/examples/UVM_Framework/UVMF_2021.3/docs/generator_tutorials/fpu_with_dpi-c:
build
fpu_dpi.bld
fpu_dpi.svap
fpu_dpi_sva_prefs.tcl
invoke_sva.bat
libraries
preferences
rtl_src
tmp
visualization
yaml_config_files

/tools/microchip/Libero_SoC_2025.1/Libero_SoC/ModelSim_Pro/examples/UVM_Framework/UVMF_2021.3/docs/generator_tutorials/fpu_with_dpi-c/build:
Makefile
modelsim.ini

/tools/microchip/Libero_SoC_2025.1/Libero_SoC/ModelSim_Pro/examples/UVM_Framework/UVMF_2021.3/docs/generator_tutorials/fpu_with_dpi-c/libraries:

/tools/microchip/Libero_SoC_2025.1/Libero_SoC/ModelSim_Pro/examples/UVM_Framework/UVMF_2021.3/docs/generator_tutorials/fpu_with_dpi-c/preferences:
defaultSVA
exclusions.txt
import_uvmf_v1.tcl
projectvariables.sh
projectvariables.sh.bck
questa_qvip_files.f
settings.tcl
sva_import_procs.tcl
sva_project_creation.tcl
sva_project_preference_settings.tcl
Templates
Templates-Generic
toolPaths.bat
toolpaths.sh
toolpaths.sh.bck
uvmf_ex1_gpio.f
uvmf_ex2_alu.f
uvmf_files.f
zz_top.tcl

/tools/microchip/Libero_SoC_2025.1/Libero_SoC/ModelSim_Pro/examples/UVM_Framework/UVMF_2021.3/docs/generator_tutorials/fpu_with_dpi-c/preferences/defaultSVA:

/tools/microchip/Libero_SoC_2025.1/Libero_SoC/ModelSim_Pro/examples/UVM_Framework/UVMF_2021.3/docs/generator_tutorials/fpu_with_dpi-c/preferences/Templates:
headers
headers_v1
selextemplates.bld
selextemplates.svap
selextemplates_sva_prefs.tcl
systemverilog_v1
verilog
vhdl

/tools/microchip/Libero_SoC_2025.1/Libero_SoC/ModelSim_Pro/examples/UVM_Framework/UVMF_2021.3/docs/generator_tutorials/fpu_with_dpi-c/preferences/Templates/headers:
company_header.svt
libraries.svt

/tools/microchip/Libero_SoC_2025.1/Libero_SoC/ModelSim_Pro/examples/UVM_Framework/UVMF_2021.3/docs/generator_tutorials/fpu_with_dpi-c/preferences/Templates/headers_v1:
class_header.svt
file_header.svt
method_header.svt
module_header.svt

/tools/microchip/Libero_SoC_2025.1/Libero_SoC/ModelSim_Pro/examples/UVM_Framework/UVMF_2021.3/docs/generator_tutorials/fpu_with_dpi-c/preferences/Templates/systemverilog_v1:
SV_Class
SV_include
SV_interface
SV_module
SV_Package
SV_Program

/tools/microchip/Libero_SoC_2025.1/Libero_SoC/ModelSim_Pro/examples/UVM_Framework/UVMF_2021.3/docs/generator_tutorials/fpu_with_dpi-c/preferences/Templates/systemverilog_v1/SV_Class:
class_body.svt
class.svt
SV_class_body.svt
SV_class.svt

/tools/microchip/Libero_SoC_2025.1/Libero_SoC/ModelSim_Pro/examples/UVM_Framework/UVMF_2021.3/docs/generator_tutorials/fpu_with_dpi-c/preferences/Templates/systemverilog_v1/SV_include:
SV_include.svt

/tools/microchip/Libero_SoC_2025.1/Libero_SoC/ModelSim_Pro/examples/UVM_Framework/UVMF_2021.3/docs/generator_tutorials/fpu_with_dpi-c/preferences/Templates/systemverilog_v1/SV_interface:
SV_interface.svt

/tools/microchip/Libero_SoC_2025.1/Libero_SoC/ModelSim_Pro/examples/UVM_Framework/UVMF_2021.3/docs/generator_tutorials/fpu_with_dpi-c/preferences/Templates/systemverilog_v1/SV_module:
SV_module.svt

/tools/microchip/Libero_SoC_2025.1/Libero_SoC/ModelSim_Pro/examples/UVM_Framework/UVMF_2021.3/docs/generator_tutorials/fpu_with_dpi-c/preferences/Templates/systemverilog_v1/SV_Package:
SV_pkg.svt

/tools/microchip/Libero_SoC_2025.1/Libero_SoC/ModelSim_Pro/examples/UVM_Framework/UVMF_2021.3/docs/generator_tutorials/fpu_with_dpi-c/preferences/Templates/systemverilog_v1/SV_Program:
SV_program.svt

/tools/microchip/Libero_SoC_2025.1/Libero_SoC/ModelSim_Pro/examples/UVM_Framework/UVMF_2021.3/docs/generator_tutorials/fpu_with_dpi-c/preferences/Templates/verilog:
verilog_include.svt
verilog_module.svt

/tools/microchip/Libero_SoC_2025.1/Libero_SoC/ModelSim_Pro/examples/UVM_Framework/UVMF_2021.3/docs/generator_tutorials/fpu_with_dpi-c/preferences/Templates/vhdl:
combined
package
seperate

/tools/microchip/Libero_SoC_2025.1/Libero_SoC/ModelSim_Pro/examples/UVM_Framework/UVMF_2021.3/docs/generator_tutorials/fpu_with_dpi-c/preferences/Templates/vhdl/combined:
ent_arch.svt

/tools/microchip/Libero_SoC_2025.1/Libero_SoC/ModelSim_Pro/examples/UVM_Framework/UVMF_2021.3/docs/generator_tutorials/fpu_with_dpi-c/preferences/Templates/vhdl/package:
package.svt

/tools/microchip/Libero_SoC_2025.1/Libero_SoC/ModelSim_Pro/examples/UVM_Framework/UVMF_2021.3/docs/generator_tutorials/fpu_with_dpi-c/preferences/Templates/vhdl/seperate:
arch.svt
entity.svt

/tools/microchip/Libero_SoC_2025.1/Libero_SoC/ModelSim_Pro/examples/UVM_Framework/UVMF_2021.3/docs/generator_tutorials/fpu_with_dpi-c/preferences/Templates-Generic:
company_template.bld
company_template.svap
company_template_sva_prefs.tcl
headers
headers_v1
systemverilog_v1
verilog
vhdl

/tools/microchip/Libero_SoC_2025.1/Libero_SoC/ModelSim_Pro/examples/UVM_Framework/UVMF_2021.3/docs/generator_tutorials/fpu_with_dpi-c/preferences/Templates-Generic/headers:
company_header.svt
libraries.svt

/tools/microchip/Libero_SoC_2025.1/Libero_SoC/ModelSim_Pro/examples/UVM_Framework/UVMF_2021.3/docs/generator_tutorials/fpu_with_dpi-c/preferences/Templates-Generic/headers_v1:
class_header.svt
file_header.svt
method_header.svt
module_header.svt

/tools/microchip/Libero_SoC_2025.1/Libero_SoC/ModelSim_Pro/examples/UVM_Framework/UVMF_2021.3/docs/generator_tutorials/fpu_with_dpi-c/preferences/Templates-Generic/systemverilog_v1:
SV_Class
SV_include
SV_interface
SV_module
SV_Package
SV_Program

/tools/microchip/Libero_SoC_2025.1/Libero_SoC/ModelSim_Pro/examples/UVM_Framework/UVMF_2021.3/docs/generator_tutorials/fpu_with_dpi-c/preferences/Templates-Generic/systemverilog_v1/SV_Class:
class_body.svt
class.svt
SV_class_body.svt
SV_class.svt

/tools/microchip/Libero_SoC_2025.1/Libero_SoC/ModelSim_Pro/examples/UVM_Framework/UVMF_2021.3/docs/generator_tutorials/fpu_with_dpi-c/preferences/Templates-Generic/systemverilog_v1/SV_include:
SV_include.svt

/tools/microchip/Libero_SoC_2025.1/Libero_SoC/ModelSim_Pro/examples/UVM_Framework/UVMF_2021.3/docs/generator_tutorials/fpu_with_dpi-c/preferences/Templates-Generic/systemverilog_v1/SV_interface:
SV_interface.svt

/tools/microchip/Libero_SoC_2025.1/Libero_SoC/ModelSim_Pro/examples/UVM_Framework/UVMF_2021.3/docs/generator_tutorials/fpu_with_dpi-c/preferences/Templates-Generic/systemverilog_v1/SV_module:
SV_module.svt

/tools/microchip/Libero_SoC_2025.1/Libero_SoC/ModelSim_Pro/examples/UVM_Framework/UVMF_2021.3/docs/generator_tutorials/fpu_with_dpi-c/preferences/Templates-Generic/systemverilog_v1/SV_Package:
SV_pkg.svt

/tools/microchip/Libero_SoC_2025.1/Libero_SoC/ModelSim_Pro/examples/UVM_Framework/UVMF_2021.3/docs/generator_tutorials/fpu_with_dpi-c/preferences/Templates-Generic/systemverilog_v1/SV_Program:
SV_program.svt

/tools/microchip/Libero_SoC_2025.1/Libero_SoC/ModelSim_Pro/examples/UVM_Framework/UVMF_2021.3/docs/generator_tutorials/fpu_with_dpi-c/preferences/Templates-Generic/verilog:
verilog_include.svt
verilog_module.svt

/tools/microchip/Libero_SoC_2025.1/Libero_SoC/ModelSim_Pro/examples/UVM_Framework/UVMF_2021.3/docs/generator_tutorials/fpu_with_dpi-c/preferences/Templates-Generic/vhdl:
combined
package
seperate

/tools/microchip/Libero_SoC_2025.1/Libero_SoC/ModelSim_Pro/examples/UVM_Framework/UVMF_2021.3/docs/generator_tutorials/fpu_with_dpi-c/preferences/Templates-Generic/vhdl/combined:
ent_arch.svt

/tools/microchip/Libero_SoC_2025.1/Libero_SoC/ModelSim_Pro/examples/UVM_Framework/UVMF_2021.3/docs/generator_tutorials/fpu_with_dpi-c/preferences/Templates-Generic/vhdl/package:
package.svt

/tools/microchip/Libero_SoC_2025.1/Libero_SoC/ModelSim_Pro/examples/UVM_Framework/UVMF_2021.3/docs/generator_tutorials/fpu_with_dpi-c/preferences/Templates-Generic/vhdl/seperate:
arch.svt
entity.svt

/tools/microchip/Libero_SoC_2025.1/Libero_SoC/ModelSim_Pro/examples/UVM_Framework/UVMF_2021.3/docs/generator_tutorials/fpu_with_dpi-c/rtl_src:
addsub_28.vhd
comppack.vhd
fpupack.vhd
fpu.vhd
mul_24.vhd
post_norm_addsub.vhd
post_norm_div.vhd
post_norm_mul.vhd
post_norm_sqrt.vhd
pre_norm_addsub.vhd
pre_norm_div.vhd
pre_norm_mul.vhd
pre_norm_sqrt.vhd
psl_vunit_pkg.vhd
psl_vunit_props.psl.rlnk
serial_div.vhd
serial_mul.vhd
sqrt.vhd

/tools/microchip/Libero_SoC_2025.1/Libero_SoC/ModelSim_Pro/examples/UVM_Framework/UVMF_2021.3/docs/generator_tutorials/fpu_with_dpi-c/tmp:
incl_new_order.txt
old_order.txt
source_new_order.txt
svassist_source_fileInfo.txt

/tools/microchip/Libero_SoC_2025.1/Libero_SoC/ModelSim_Pro/examples/UVM_Framework/UVMF_2021.3/docs/generator_tutorials/fpu_with_dpi-c/visualization:
FPU_environment.ctv

/tools/microchip/Libero_SoC_2025.1/Libero_SoC/ModelSim_Pro/examples/UVM_Framework/UVMF_2021.3/docs/generator_tutorials/fpu_with_dpi-c/yaml_config_files:
completed_uvmf_template_output
FPU_bench.yaml
FPU_environment.yaml
FPU_in_interface.yaml
FPU_out_interface.yaml
FPU_predictor.yaml
run_yaml_uvmf_scripts.bat

/tools/microchip/Libero_SoC_2025.1/Libero_SoC/ModelSim_Pro/examples/UVM_Framework/UVMF_2021.3/docs/generator_tutorials/fpu_with_dpi-c/yaml_config_files/completed_uvmf_template_output:
project_benches
verification_ip

/tools/microchip/Libero_SoC_2025.1/Libero_SoC/ModelSim_Pro/examples/UVM_Framework/UVMF_2021.3/docs/generator_tutorials/fpu_with_dpi-c/yaml_config_files/completed_uvmf_template_output/project_benches:
FPU

/tools/microchip/Libero_SoC_2025.1/Libero_SoC/ModelSim_Pro/examples/UVM_Framework/UVMF_2021.3/docs/generator_tutorials/fpu_with_dpi-c/yaml_config_files/completed_uvmf_template_output/project_benches/FPU:
docs
FPU_sve.F
registers
rtl
sim
tb

/tools/microchip/Libero_SoC_2025.1/Libero_SoC/ModelSim_Pro/examples/UVM_Framework/UVMF_2021.3/docs/generator_tutorials/fpu_with_dpi-c/yaml_config_files/completed_uvmf_template_output/project_benches/FPU/docs:
interfaces.csv
README.txt

/tools/microchip/Libero_SoC_2025.1/Libero_SoC/ModelSim_Pro/examples/UVM_Framework/UVMF_2021.3/docs/generator_tutorials/fpu_with_dpi-c/yaml_config_files/completed_uvmf_template_output/project_benches/FPU/registers:
README.txt

/tools/microchip/Libero_SoC_2025.1/Libero_SoC/ModelSim_Pro/examples/UVM_Framework/UVMF_2021.3/docs/generator_tutorials/fpu_with_dpi-c/yaml_config_files/completed_uvmf_template_output/project_benches/FPU/rtl:
verilog
vhdl

/tools/microchip/Libero_SoC_2025.1/Libero_SoC/ModelSim_Pro/examples/UVM_Framework/UVMF_2021.3/docs/generator_tutorials/fpu_with_dpi-c/yaml_config_files/completed_uvmf_template_output/project_benches/FPU/rtl/verilog:
README.txt
verilog_dut.v
verilog_dut.vinfo

/tools/microchip/Libero_SoC_2025.1/Libero_SoC/ModelSim_Pro/examples/UVM_Framework/UVMF_2021.3/docs/generator_tutorials/fpu_with_dpi-c/yaml_config_files/completed_uvmf_template_output/project_benches/FPU/rtl/vhdl:
README.txt
vhdl_dut.vhd

/tools/microchip/Libero_SoC_2025.1/Libero_SoC/ModelSim_Pro/examples/UVM_Framework/UVMF_2021.3/docs/generator_tutorials/fpu_with_dpi-c/yaml_config_files/completed_uvmf_template_output/project_benches/FPU/sim:
compile.do
dut_lib
hdl.vinfo
hvl.vinfo
invoke_questa.bat
Makefile
run.do
tbx.config
testlist
veloce.config
viswave.do
wave.do
xwaves.sigs

/tools/microchip/Libero_SoC_2025.1/Libero_SoC/ModelSim_Pro/examples/UVM_Framework/UVMF_2021.3/docs/generator_tutorials/fpu_with_dpi-c/yaml_config_files/completed_uvmf_template_output/project_benches/FPU/sim/dut_lib:
_info

/tools/microchip/Libero_SoC_2025.1/Libero_SoC/ModelSim_Pro/examples/UVM_Framework/UVMF_2021.3/docs/generator_tutorials/fpu_with_dpi-c/yaml_config_files/completed_uvmf_template_output/project_benches/FPU/tb:
parameters
sequences
testbench
tests

/tools/microchip/Libero_SoC_2025.1/Libero_SoC/ModelSim_Pro/examples/UVM_Framework/UVMF_2021.3/docs/generator_tutorials/fpu_with_dpi-c/yaml_config_files/completed_uvmf_template_output/project_benches/FPU/tb/parameters:
FPU_parameters_pkg.sv
FPU_parameters_pkg.vinfo

/tools/microchip/Libero_SoC_2025.1/Libero_SoC/ModelSim_Pro/examples/UVM_Framework/UVMF_2021.3/docs/generator_tutorials/fpu_with_dpi-c/yaml_config_files/completed_uvmf_template_output/project_benches/FPU/tb/sequences:
FPU_sequences_pkg.sv
FPU_sequences_pkg.vinfo
src

/tools/microchip/Libero_SoC_2025.1/Libero_SoC/ModelSim_Pro/examples/UVM_Framework/UVMF_2021.3/docs/generator_tutorials/fpu_with_dpi-c/yaml_config_files/completed_uvmf_template_output/project_benches/FPU/tb/sequences/src:
example_derived_test_sequence.svh
FPU_bench_sequence_base.svh

/tools/microchip/Libero_SoC_2025.1/Libero_SoC/ModelSim_Pro/examples/UVM_Framework/UVMF_2021.3/docs/generator_tutorials/fpu_with_dpi-c/yaml_config_files/completed_uvmf_template_output/project_benches/FPU/tb/testbench:
hdl_top.sv
hdl_top.vinfo
hvl_top.sv
hvl_top.vinfo
top_filelist_hdl.f
top_filelist_hvl.f

/tools/microchip/Libero_SoC_2025.1/Libero_SoC/ModelSim_Pro/examples/UVM_Framework/UVMF_2021.3/docs/generator_tutorials/fpu_with_dpi-c/yaml_config_files/completed_uvmf_template_output/project_benches/FPU/tb/tests:
FPU_tests_pkg.sv
FPU_tests_pkg.vinfo
src

/tools/microchip/Libero_SoC_2025.1/Libero_SoC/ModelSim_Pro/examples/UVM_Framework/UVMF_2021.3/docs/generator_tutorials/fpu_with_dpi-c/yaml_config_files/completed_uvmf_template_output/project_benches/FPU/tb/tests/src:
example_derived_test.svh
test_top.svh

/tools/microchip/Libero_SoC_2025.1/Libero_SoC/ModelSim_Pro/examples/UVM_Framework/UVMF_2021.3/docs/generator_tutorials/fpu_with_dpi-c/yaml_config_files/completed_uvmf_template_output/verification_ip:
environment_packages
interface_packages

/tools/microchip/Libero_SoC_2025.1/Libero_SoC/ModelSim_Pro/examples/UVM_Framework/UVMF_2021.3/docs/generator_tutorials/fpu_with_dpi-c/yaml_config_files/completed_uvmf_template_output/verification_ip/environment_packages:
FPU_env_pkg

/tools/microchip/Libero_SoC_2025.1/Libero_SoC/ModelSim_Pro/examples/UVM_Framework/UVMF_2021.3/docs/generator_tutorials/fpu_with_dpi-c/yaml_config_files/completed_uvmf_template_output/verification_ip/environment_packages/FPU_env_pkg:
compile.do
dpi
FPU_env_pkg.sv
FPU_env_pkg_sve.F
FPU_env_pkg.vinfo
Makefile
src

/tools/microchip/Libero_SoC_2025.1/Libero_SoC/ModelSim_Pro/examples/UVM_Framework/UVMF_2021.3/docs/generator_tutorials/fpu_with_dpi-c/yaml_config_files/completed_uvmf_template_output/verification_ip/environment_packages/FPU_env_pkg/dpi:
fpu_tlm_dpi_c.h
myFirstFile.c

/tools/microchip/Libero_SoC_2025.1/Libero_SoC/ModelSim_Pro/examples/UVM_Framework/UVMF_2021.3/docs/generator_tutorials/fpu_with_dpi-c/yaml_config_files/completed_uvmf_template_output/verification_ip/environment_packages/FPU_env_pkg/src:
FPU_env_configuration.svh
FPU_environment.svh
FPU_env_sequence_base.svh
FPU_env_typedefs.svh
FPU_predictor.svh

/tools/microchip/Libero_SoC_2025.1/Libero_SoC/ModelSim_Pro/examples/UVM_Framework/UVMF_2021.3/docs/generator_tutorials/fpu_with_dpi-c/yaml_config_files/completed_uvmf_template_output/verification_ip/interface_packages:
FPU_in_pkg
FPU_out_pkg

/tools/microchip/Libero_SoC_2025.1/Libero_SoC/ModelSim_Pro/examples/UVM_Framework/UVMF_2021.3/docs/generator_tutorials/fpu_with_dpi-c/yaml_config_files/completed_uvmf_template_output/verification_ip/interface_packages/FPU_in_pkg:
compile.do
FPU_in_bfm.vinfo
FPU_in_filelist_hdl.f
FPU_in_filelist_hvl.f
FPU_in_pkg_hdl.sv
FPU_in_pkg_hdl.vinfo
FPU_in_pkg.sv
FPU_in_pkg_sve.F
FPU_in_pkg.vinfo
Makefile
src

/tools/microchip/Libero_SoC_2025.1/Libero_SoC/ModelSim_Pro/examples/UVM_Framework/UVMF_2021.3/docs/generator_tutorials/fpu_with_dpi-c/yaml_config_files/completed_uvmf_template_output/verification_ip/interface_packages/FPU_in_pkg/src:
FPU_in2reg_adapter.svh
FPU_in_agent.svh
FPU_in_configuration.svh
FPU_in_driver_bfm.sv
FPU_in_driver.svh
FPU_in_if.sv
FPU_in_monitor_bfm.sv
FPU_in_monitor.svh
FPU_in_random_sequence.svh
FPU_in_responder_sequence.svh
FPU_in_sequence_base.svh
FPU_in_transaction_coverage.svh
FPU_in_transaction.svh
FPU_in_typedefs_hdl.svh
FPU_in_typedefs.svh

/tools/microchip/Libero_SoC_2025.1/Libero_SoC/ModelSim_Pro/examples/UVM_Framework/UVMF_2021.3/docs/generator_tutorials/fpu_with_dpi-c/yaml_config_files/completed_uvmf_template_output/verification_ip/interface_packages/FPU_out_pkg:
compile.do
FPU_out_bfm.vinfo
FPU_out_filelist_hdl.f
FPU_out_filelist_hvl.f
FPU_out_pkg_hdl.sv
FPU_out_pkg_hdl.vinfo
FPU_out_pkg.sv
FPU_out_pkg_sve.F
FPU_out_pkg.vinfo
Makefile
src

/tools/microchip/Libero_SoC_2025.1/Libero_SoC/ModelSim_Pro/examples/UVM_Framework/UVMF_2021.3/docs/generator_tutorials/fpu_with_dpi-c/yaml_config_files/completed_uvmf_template_output/verification_ip/interface_packages/FPU_out_pkg/src:
FPU_out2reg_adapter.svh
FPU_out_agent.svh
FPU_out_configuration.svh
FPU_out_driver_bfm.sv
FPU_out_driver.svh
FPU_out_if.sv
FPU_out_monitor_bfm.sv
FPU_out_monitor.svh
FPU_out_random_sequence.svh
FPU_out_responder_sequence.svh
FPU_out_sequence_base.svh
FPU_out_transaction_coverage.svh
FPU_out_transaction.svh
FPU_out_typedefs_hdl.svh
FPU_out_typedefs.svh

/tools/microchip/Libero_SoC_2025.1/Libero_SoC/ModelSim_Pro/examples/UVM_Framework/UVMF_2021.3/scripts:
bcr_mods
default_bcr.rmdb
default.rmdb
default_rmdb_bcr.tcl
default_rmdb.tcl
expand_ifdef_stdout
killsim
Makefile
Makefile.inFact
make_filelist.py
mentor.flows
mtlb2uvmf.csh
mtlb2yaml.py
overlay_example.flow
run.csh
uvmf_bcr.py
uvmf_bcr.py2
uvmf_bcr.py3
uvmf_regress.csh
uvmf_vrm_ini.tcl
uvm_objection_trace.py
vrun.README
yaml2uvmf.py
yaml2uvmf.py2
yaml2uvmf.py3

/tools/microchip/Libero_SoC_2025.1/Libero_SoC/ModelSim_Pro/examples/UVM_Framework/UVMF_2021.3/scripts/bcr_mods:
build_filelist.py
command_helper.py
common.py
flow_manager.py
__init__.py
mentor_commands

/tools/microchip/Libero_SoC_2025.1/Libero_SoC/ModelSim_Pro/examples/UVM_Framework/UVMF_2021.3/scripts/bcr_mods/mentor_commands:
clean.py
covercheck.py
infact_qso.py
__init__.py
qrun.py
questa_compile.py
veloce_hdl_build.py
veloce_hvl_build.py
visualizer.py
vopt.py
vsim.py

/tools/microchip/Libero_SoC_2025.1/Libero_SoC/ModelSim_Pro/examples/UVM_Framework/UVMF_2021.3/templates:
python
qvip_configurator

/tools/microchip/Libero_SoC_2025.1/Libero_SoC/ModelSim_Pro/examples/UVM_Framework/UVMF_2021.3/templates/python:
examples
generators.README
jinja2
legal
markupsafe
python2
template_files
uvmf_gen.py
uvmf_version.py
uvmf_yaml
voluptuous
yaml

/tools/microchip/Libero_SoC_2025.1/Libero_SoC/ModelSim_Pro/examples/UVM_Framework/UVMF_2021.3/templates/python/examples:
block_a_yaml_configs.f
block_c_yaml_configs.f
build_block_c.csh
build_block_c_yaml.csh
build_chip.csh
build_chip_yaml.csh
chip_yaml_configs.f
infact_yaml
yaml_files

/tools/microchip/Libero_SoC_2025.1/Libero_SoC/ModelSim_Pro/examples/UVM_Framework/UVMF_2021.3/templates/python/examples/infact_yaml:
abcd_bench.yaml
abcd_environment.yaml
abcd_interface.yaml

/tools/microchip/Libero_SoC_2025.1/Libero_SoC/ModelSim_Pro/examples/UVM_Framework/UVMF_2021.3/templates/python/examples/yaml_files:
block_a_bench_cfg.yaml
block_a_env_cfg.yaml
block_b_bench_cfg.yaml
block_b_env_cfg.yaml
block_c_bench_cfg.yaml
block_c_env_cfg.yaml
chip_bench_bcr_cfg.yaml
chip_bench_cfg.yaml
chip_env_cfg.yaml
dma_if_cfg.yaml
mem_if_cfg.yaml
new_bench.yaml
new_environment.yaml
new_interface.yaml
pkt_if_cfg.yaml
predictor_components.yaml
qvip_agents_subenv_config.yaml

/tools/microchip/Libero_SoC_2025.1/Libero_SoC/ModelSim_Pro/examples/UVM_Framework/UVMF_2021.3/templates/python/jinja2:

/tools/microchip/Libero_SoC_2025.1/Libero_SoC/ModelSim_Pro/examples/UVM_Framework/UVMF_2021.3/templates/python/legal:
Jinja2
markupsafe
PyYAML
voluptuous

/tools/microchip/Libero_SoC_2025.1/Libero_SoC/ModelSim_Pro/examples/UVM_Framework/UVMF_2021.3/templates/python/legal/Jinja2:
docs
LICENSE

/tools/microchip/Libero_SoC_2025.1/Libero_SoC/ModelSim_Pro/examples/UVM_Framework/UVMF_2021.3/templates/python/legal/markupsafe:
LICENSE
README.rst

/tools/microchip/Libero_SoC_2025.1/Libero_SoC/ModelSim_Pro/examples/UVM_Framework/UVMF_2021.3/templates/python/legal/PyYAML:
LICENSE
PKG-INFO
README

/tools/microchip/Libero_SoC_2025.1/Libero_SoC/ModelSim_Pro/examples/UVM_Framework/UVMF_2021.3/templates/python/legal/voluptuous:
COPYING
PKG-INFO
README.rst

/tools/microchip/Libero_SoC_2025.1/Libero_SoC/ModelSim_Pro/examples/UVM_Framework/UVMF_2021.3/templates/python/markupsafe:

/tools/microchip/Libero_SoC_2025.1/Libero_SoC/ModelSim_Pro/examples/UVM_Framework/UVMF_2021.3/templates/python/python2:
jinja2
markupsafe
yaml

/tools/microchip/Libero_SoC_2025.1/Libero_SoC/ModelSim_Pro/examples/UVM_Framework/UVMF_2021.3/templates/python/python2/jinja2:
AUTHORS
bccache.py
_compat.py
compiler.py
constants.py
debug.py
defaults.py
environment.py
exceptions.py
ext.py
filters.py
__init__.py
lexer.py
LICENSE
loaders.py
meta.py
nodes.py
optimizer.py
parser.py
runtime.py
sandbox.py
_stringdefs.py
tests.py
utils.py
visitor.py

/tools/microchip/Libero_SoC_2025.1/Libero_SoC/ModelSim_Pro/examples/UVM_Framework/UVMF_2021.3/templates/python/python2/markupsafe:
AUTHORS
_constants.py
__init__.py
LICENSE
_native.py
tests.py

/tools/microchip/Libero_SoC_2025.1/Libero_SoC/ModelSim_Pro/examples/UVM_Framework/UVMF_2021.3/templates/python/python2/yaml:
composer.py
constructor.py
cyaml.py
dumper.py
emitter.py
error.py
events.py
__init__.py
loader.py
nodes.py
parser.py
reader.py
representer.py
resolver.py
scanner.py
serializer.py
tokens.py

/tools/microchip/Libero_SoC_2025.1/Libero_SoC/ModelSim_Pro/examples/UVM_Framework/UVMF_2021.3/templates/python/template_files:
base_templates
bench_templates
environment_templates
interface_templates

/tools/microchip/Libero_SoC_2025.1/Libero_SoC/ModelSim_Pro/examples/UVM_Framework/UVMF_2021.3/templates/python/template_files/base_templates:
base_template.TMPL
macros.jinja

/tools/microchip/Libero_SoC_2025.1/Libero_SoC/ModelSim_Pro/examples/UVM_Framework/UVMF_2021.3/templates/python/template_files/bench_templates:
bench_docs_interfaces_csv.TMPL
bench_dotproject.TMPL
bench_dotsvproject.TMPL
bench_mtlb_env_var_setup_mtlb.TMPL
bench_mtlb_prep_makefile_mtlb.TMPL
bench_mtlb_prep_sh_mtlb.TMPL
bench_rtl_dut_compile.TMPL
bench_rtl_verilog_dut.TMPL
bench_rtl_verilog_dut_vinfo.TMPL
bench_rtl_vhdl_dut.TMPL
bench_sim_bcr_overlay.TMPL
bench_sim_compile_do.TMPL
bench_sim_hdl_compile.TMPL
bench_sim_hdl_vinfo.TMPL
bench_sim_hvl_compile.TMPL
bench_sim_hvl_vinfo.TMPL
bench_sim_infact_compile.TMPL
bench_sim_makefile_mtlb.TMPL
bench_sim_makefile.TMPL
bench_sim_qvip_compile.TMPL
bench_sim_run_do.TMPL
bench_sim_tbx_config.TMPL
bench_sim_testlist.TMPL
bench_sim_top_compile.TMPL
bench_sim_uvmf_vrm_ini_tcl.TMPL
bench_sim_veloce_config.TMPL
bench_sim_viswave_do.TMPL
bench_sim_wave_do_mtlb.TMPL
bench_sim_wave_do.TMPL
bench_sim_xwaves.sigs.TMPL
bench_sve_F.TMPL
bench_tb_parameters_bench_parameters_pkg_sv.TMPL
bench_tb_parameters_parameters_pkg_compile.TMPL
bench_tb_parameters_parameters_pkg_vinfo.TMPL
bench_tb_sequences_bench_sequences_pkg_sv_mtlb.TMPL
bench_tb_sequences_bench_sequences_pkg_sv.TMPL
bench_tb_sequences_infact_bench_sequences_pkg_sv.TMPL
bench_tb_sequences_sequences_pkg_compile.TMPL
bench_tb_sequences_sequences_pkg_vinfo.TMPL
bench_tb_sequences_src_bench_sequence_base_svh.TMPL
bench_tb_sequences_src_DPI_stimgen_sequence_svh_mtlb.TMPL
bench_tb_sequences_src_example_derived_test_sequence_svh.TMPL
bench_tb_sequences_src_infact_bench_sequence_svh.TMPL
bench_tb_sequences_src_infact_bench_transactions_svh.TMPL
bench_tb_sequences_src_read_from_file_sequence_svh_mtlb.TMPL
bench_tb_sequences_src_register_test_sequence_svh.TMPL
bench_tb_testbench_hdl_top_compile.TMPL
bench_tb_testbench_hdl_top_sv_mtlb.TMPL
bench_tb_testbench_hdl_top_sv.TMPL
bench_tb_testbench_hdl_top_vinfo.TMPL
bench_tb_testbench_hvl_top_compile.TMPL
bench_tb_testbench_hvl_top_sv.TMPL
bench_tb_testbench_hvl_top_vinfo.TMPL
bench_tb_testbench_top_filelist_hdl_f.TMPL
bench_tb_testbench_top_filelist_hvl_f.TMPL
bench_tb_tests_bench_tests_pkg_sv_mtlb.TMPL
bench_tb_tests_bench_tests_pkg_sv.TMPL
bench_tb_tests_src_DPI_stimgen_test_svh_mtlb.TMPL
bench_tb_tests_src_example_derived_test_svh.TMPL
bench_tb_tests_src_infact_test_base.TMPL
bench_tb_tests_src_read_from_file_test_svh_mtlb.TMPL
bench_tb_tests_src_register_test_svh.TMPL
bench_tb_tests_src_test_top_svh.TMPL
bench_tb_tests_tests_pkg_compile.TMPL
bench_tb_tests_tests_pkg_vinfo.TMPL

/tools/microchip/Libero_SoC_2025.1/Libero_SoC/ModelSim_Pro/examples/UVM_Framework/UVMF_2021.3/templates/python/template_files/environment_templates:
c_file.TMPL
coverage.TMPL
environment_compile_do.TMPL
environment_configuration.TMPL
environment_dotproject.TMPL
environment_dotsvproject.TMPL
environment_environment.TMPL
environment_makefile.TMPL
environment_mtlb_prep_sh_mtlb.TMPL
environment_pkg_compile.TMPL
environment_pkg_mtlb.TMPL
environment_pkg.TMPL
environment_pkg_vinfo.TMPL
environment_sequence_base.TMPL
environment_sve_F.TMPL
environment_typedefs.TMPL
predictor_mtlb.TMPL
predictor.TMPL
reg_model.TMPL
scoreboard.TMPL
tlm2_sysc_predictor.TMPL

/tools/microchip/Libero_SoC_2025.1/Libero_SoC/ModelSim_Pro/examples/UVM_Framework/UVMF_2021.3/templates/python/template_files/interface_templates:
c_file.TMPL
interface_agent.TMPL
interface_bfm_vinfo.TMPL
interface_compile_do.TMPL
interface_compile.TMPL
interface_configuration.TMPL
interface_dotproject.TMPL
interface_dotsvproject.TMPL
interface_DPI_stimgen_sequence_mtlb.TMPL
interface_driver_bfm_mtlb.TMPL
interface_driver_bfm.TMPL
interface_driver_proxy.TMPL
interface_driver.TMPL
interface_filelist_hdl.TMPL
interface_filelist_hvl.TMPL
interface_filelist_xrtl.TMPL
interface_hdl_compile.TMPL
interface_hvl_compile.TMPL
interface_ibs_driver_bfm.TMPL
interface_ibs_driver.TMPL
interface_if_mtlb.TMPL
interface_if.TMPL
interface_infact_coverage_strategy.TMPL
interface_infact_sequence.TMPL
interface_macros.TMPL
interface_makefile.TMPL
interface_monitor_bfm_mtlb.TMPL
interface_monitor_bfm.TMPL
interface_monitor_proxy.TMPL
interface_monitor.TMPL
interface_mtlb_prep_sh_mtlb.TMPL
interface_pkg_hdl.TMPL
interface_pkg_hdl_vinfo.TMPL
interface_pkg_mtlb.TMPL
interface_pkg.TMPL
interface_pkg_vinfo.TMPL
interface_random_sequence.TMPL
interface_read_from_file_sequence_mtlb.TMPL
interface_reg_adapter.TMPL
interface_responder_sequence.TMPL
interface_sequence_base_mtlb.TMPL
interface_sequence_base.TMPL
interface_shared_compile.TMPL
interface_sve_F.TMPL
interface_tc_cpp.TMPL
interface_transaction_coverage_mtlb.TMPL
interface_transaction_coverage.TMPL
interface_transaction_mtlb.TMPL
interface_transaction.TMPL
interface_typedefs_hdl.TMPL
interface_typedefs.TMPL

/tools/microchip/Libero_SoC_2025.1/Libero_SoC/ModelSim_Pro/examples/UVM_Framework/UVMF_2021.3/templates/python/uvmf_yaml:
backup.py
dumper.py
__init__.py
regen.py
validator.py

/tools/microchip/Libero_SoC_2025.1/Libero_SoC/ModelSim_Pro/examples/UVM_Framework/UVMF_2021.3/templates/python/voluptuous:
error.py
humanize.py
__init__.py
schema_builder.py
util.py
validators.py

/tools/microchip/Libero_SoC_2025.1/Libero_SoC/ModelSim_Pro/examples/UVM_Framework/UVMF_2021.3/templates/python/yaml:

/tools/microchip/Libero_SoC_2025.1/Libero_SoC/ModelSim_Pro/examples/UVM_Framework/UVMF_2021.3/templates/qvip_configurator:
block_c_configurator.cmd
qvip_agents_dir

/tools/microchip/Libero_SoC_2025.1/Libero_SoC/ModelSim_Pro/examples/UVM_Framework/UVMF_2021.3/templates/qvip_configurator/qvip_agents_dir:
config_policies
qvip_agents_dir.cmd
uvmf
uvm_tb

/tools/microchip/Libero_SoC_2025.1/Libero_SoC/ModelSim_Pro/examples/UVM_Framework/UVMF_2021.3/templates/qvip_configurator/qvip_agents_dir/config_policies:
apb3_config_master_config_policy.svh
axi4_master_0_config_policy.svh
axi4_master_1_config_policy.svh
axi4_slave_config_policy.svh
pcie_ep_config_policy.svh
qvip_agents_params_pkg.sv

/tools/microchip/Libero_SoC_2025.1/Libero_SoC/ModelSim_Pro/examples/UVM_Framework/UVMF_2021.3/templates/qvip_configurator/qvip_agents_dir/uvmf:
default_clk_gen.sv
default_reset_gen.sv
hdl_qvip_agents.sv
hvl_qvip_agents.sv
Makefile
qrun_32.f
qrun_64.f
questa_run_32
questa_run_64
qvip_agents_env_configuration.svh
qvip_agents_environment.svh
qvip_agents_filelist.f
qvip_agents_pkg.sv
qvip_agents_subenv_config.yaml
qvip_agents_test_base.svh
qvip_agents_test_filelist.f
qvip_agents_test_pkg.sv
qvip_agents_vseq_base.svh
test_packages.svh

/tools/microchip/Libero_SoC_2025.1/Libero_SoC/ModelSim_Pro/examples/UVM_Framework/UVMF_2021.3/templates/qvip_configurator/qvip_agents_dir/uvm_tb:
apb3_config_master_sigs.do
apb3_config_master_txns.do
axi4_master_0_sigs.do
axi4_master_0_txns.do
axi4_master_1_sigs.do
axi4_master_1_txns.do
axi4_slave_sigs.do
axi4_slave_txns.do
default_clk_gen.sv
default_reset_gen.sv
hdl_qvip_agents.sv
hvl_qvip_agents.sv
ius_run_32
ius_run_64
Makefile
pcie_ep_sigs.do
pcie_ep_txns.do
qrun_32.f
qrun_64.f
questa_run_32
questa_run_64
qvip_agents_env_config.svh
qvip_agents_env.svh
qvip_agents_pkg.sv
qvip_agents_test_base.svh
qvip_agents_vseq_base.svh
test_packages.svh
vcs_run_32
vcs_run_64

/tools/microchip/Libero_SoC_2025.1/Libero_SoC/ModelSim_Pro/examples/UVM_Framework/UVMF_2021.3/uvmf_base_pkg:
Makefile
src
uvmf_base_pkg.compile
uvmf_base_pkg_filelist_hdl.f
uvmf_base_pkg_filelist_hvl.f
uvmf_base_pkg_hdl.compile
uvmf_base_pkg_hdl.sv
uvmf_base_pkg_hdl.vinfo
uvmf_base_pkg.sv
uvmf_base_pkg.vinfo

/tools/microchip/Libero_SoC_2025.1/Libero_SoC/ModelSim_Pro/examples/UVM_Framework/UVMF_2021.3/uvmf_base_pkg/src:
uvmf_analysis_debug.svh
uvmf_base_typedefs_hdl.svh
uvmf_base_typedefs.svh
uvmf_catapult_scoreboard.svh
uvmf_driver_base.svh
uvmf_environment_base.svh
uvmf_environment_configuration_base.svh
uvmf_in_order_race_scoreboard.svh
uvmf_in_order_scoreboard_array.svh
uvmf_in_order_scoreboard.svh
uvmf_monitor_base.svh
uvmf_out_of_order_scoreboard.svh
uvmf_parameterized_1agent_environment.svh
uvmf_parameterized_2agent_environment.svh
uvmf_parameterized_3agent_environment.svh
uvmf_parameterized_agent_configuration_base.svh
uvmf_parameterized_agent.svh
uvmf_parameterized_simplex_environment.svh
uvmf_predictor_base.svh
uvmf_scoreboard_base.svh
uvmf_sequence_base.svh
uvmf_sorting_predictor_base.svh
uvmf_standard_port_debug_policy.svh
uvmf_test_base.svh
uvmf_transaction_base.svh
uvmf_version.svh

/tools/microchip/Libero_SoC_2025.1/Libero_SoC/ModelSim_Pro/examples/UVM_Framework/UVMF_2021.3/vip_examples:
project_benches
verification_ip

/tools/microchip/Libero_SoC_2025.1/Libero_SoC/ModelSim_Pro/examples/UVM_Framework/UVMF_2021.3/vip_examples/project_benches:
axi4_2x2_fabric
full_regression
qvip_axi4_example
scatter_gather_dma
vip_axi4_example

/tools/microchip/Libero_SoC_2025.1/Libero_SoC/ModelSim_Pro/examples/UVM_Framework/UVMF_2021.3/vip_examples/project_benches/axi4_2x2_fabric:
axi4_2x2_fabric_sve.F
docs
registers
rtl
sim
tb
yaml

/tools/microchip/Libero_SoC_2025.1/Libero_SoC/ModelSim_Pro/examples/UVM_Framework/UVMF_2021.3/vip_examples/project_benches/axi4_2x2_fabric/docs:
axi4_2x2_fabric_bench.yaml
axi4_2x2_fabric_block_diagram.pdf
axi4_2x2_fabric_config.py
axi4_2x2_fabric_env.yaml
axi4_2x2_fabric_user_guide.pdf
axi4_2x2_fabric_util.yaml
interfaces.csv
README.txt
user_modified_files.txt

/tools/microchip/Libero_SoC_2025.1/Libero_SoC/ModelSim_Pro/examples/UVM_Framework/UVMF_2021.3/vip_examples/project_benches/axi4_2x2_fabric/registers:
README.txt

/tools/microchip/Libero_SoC_2025.1/Libero_SoC/ModelSim_Pro/examples/UVM_Framework/UVMF_2021.3/vip_examples/project_benches/axi4_2x2_fabric/rtl:
rtl.compile
verilog
vhdl

/tools/microchip/Libero_SoC_2025.1/Libero_SoC/ModelSim_Pro/examples/UVM_Framework/UVMF_2021.3/vip_examples/project_benches/axi4_2x2_fabric/rtl/verilog:
axi4_interconnect_NxN.sv
README.txt
verilog_dut.v
verilog_dut.vinfo

/tools/microchip/Libero_SoC_2025.1/Libero_SoC/ModelSim_Pro/examples/UVM_Framework/UVMF_2021.3/vip_examples/project_benches/axi4_2x2_fabric/rtl/vhdl:
README.txt
vhdl_dut.vhd

/tools/microchip/Libero_SoC_2025.1/Libero_SoC/ModelSim_Pro/examples/UVM_Framework/UVMF_2021.3/vip_examples/project_benches/axi4_2x2_fabric/sim:
bcr_overlay.flow
compile.do
hdl.compile
hdl.vinfo
hdl_vlog.compile
hvl.compile
hvl.vinfo
Makefile
run.do
tbx.config
testlist
top.compile
veloce.config
velrunopts.ini
viswave.do
wave.do
xwaves.sigs

/tools/microchip/Libero_SoC_2025.1/Libero_SoC/ModelSim_Pro/examples/UVM_Framework/UVMF_2021.3/vip_examples/project_benches/axi4_2x2_fabric/tb:
parameters
sequences
testbench
tests

/tools/microchip/Libero_SoC_2025.1/Libero_SoC/ModelSim_Pro/examples/UVM_Framework/UVMF_2021.3/vip_examples/project_benches/axi4_2x2_fabric/tb/parameters:
axi4_2x2_fabric_parameters_pkg.compile
axi4_2x2_fabric_parameters_pkg.sv
axi4_2x2_fabric_parameters_pkg.vinfo

/tools/microchip/Libero_SoC_2025.1/Libero_SoC/ModelSim_Pro/examples/UVM_Framework/UVMF_2021.3/vip_examples/project_benches/axi4_2x2_fabric/tb/sequences:
axi4_2x2_fabric_sequences_pkg.compile
axi4_2x2_fabric_sequences_pkg.sv
axi4_2x2_fabric_sequences_pkg.vinfo
src

/tools/microchip/Libero_SoC_2025.1/Libero_SoC/ModelSim_Pro/examples/UVM_Framework/UVMF_2021.3/vip_examples/project_benches/axi4_2x2_fabric/tb/sequences/src:
axi4_2x2_fabric_bench_sequence_base.svh
ex1_simple_rd_wr.svh
example_derived_test_sequence.svh
register_test_sequence.svh

/tools/microchip/Libero_SoC_2025.1/Libero_SoC/ModelSim_Pro/examples/UVM_Framework/UVMF_2021.3/vip_examples/project_benches/axi4_2x2_fabric/tb/testbench:
hdl_top.compile
hdl_top.sv
hdl_top.vinfo
hvl_top.compile
hvl_top.sv
hvl_top.vinfo
top_filelist_hdl.f
top_filelist_hvl.f

/tools/microchip/Libero_SoC_2025.1/Libero_SoC/ModelSim_Pro/examples/UVM_Framework/UVMF_2021.3/vip_examples/project_benches/axi4_2x2_fabric/tb/tests:
axi4_2x2_fabric_tests_pkg.compile
axi4_2x2_fabric_tests_pkg.sv
axi4_2x2_fabric_tests_pkg.vinfo
src

/tools/microchip/Libero_SoC_2025.1/Libero_SoC/ModelSim_Pro/examples/UVM_Framework/UVMF_2021.3/vip_examples/project_benches/axi4_2x2_fabric/tb/tests/src:
example_derived_test.svh
register_test.svh
test_top.svh

/tools/microchip/Libero_SoC_2025.1/Libero_SoC/ModelSim_Pro/examples/UVM_Framework/UVMF_2021.3/vip_examples/project_benches/axi4_2x2_fabric/yaml:
axi4_2x2_fabric_bench.yaml

/tools/microchip/Libero_SoC_2025.1/Libero_SoC/ModelSim_Pro/examples/UVM_Framework/UVMF_2021.3/vip_examples/project_benches/full_regression:
sim

/tools/microchip/Libero_SoC_2025.1/Libero_SoC/ModelSim_Pro/examples/UVM_Framework/UVMF_2021.3/vip_examples/project_benches/full_regression/sim:
Makefile
testlist

/tools/microchip/Libero_SoC_2025.1/Libero_SoC/ModelSim_Pro/examples/UVM_Framework/UVMF_2021.3/vip_examples/project_benches/qvip_axi4_example:
sim
tb

/tools/microchip/Libero_SoC_2025.1/Libero_SoC/ModelSim_Pro/examples/UVM_Framework/UVMF_2021.3/vip_examples/project_benches/qvip_axi4_example/sim:
hdl.compile
hdl_vlog.compile
hvl.compile
Makefile
run.do
testlist
top.compile
wave.do

/tools/microchip/Libero_SoC_2025.1/Libero_SoC/ModelSim_Pro/examples/UVM_Framework/UVMF_2021.3/vip_examples/project_benches/qvip_axi4_example/tb:
parameters
sequences
testbench
tests

/tools/microchip/Libero_SoC_2025.1/Libero_SoC/ModelSim_Pro/examples/UVM_Framework/UVMF_2021.3/vip_examples/project_benches/qvip_axi4_example/tb/parameters:
qvip_axi4_bench_parameters_pkg.compile
qvip_axi4_bench_parameters_pkg.sv

/tools/microchip/Libero_SoC_2025.1/Libero_SoC/ModelSim_Pro/examples/UVM_Framework/UVMF_2021.3/vip_examples/project_benches/qvip_axi4_example/tb/sequences:
qvip_axi4_bench_sequences_pkg.compile
qvip_axi4_bench_sequences_pkg.sv
src

/tools/microchip/Libero_SoC_2025.1/Libero_SoC/ModelSim_Pro/examples/UVM_Framework/UVMF_2021.3/vip_examples/project_benches/qvip_axi4_example/tb/sequences/src:
example_derived_test_sequence.svh
qvip_axi4_bench_sequence_base.svh

/tools/microchip/Libero_SoC_2025.1/Libero_SoC/ModelSim_Pro/examples/UVM_Framework/UVMF_2021.3/vip_examples/project_benches/qvip_axi4_example/tb/testbench:
hdl_top.compile
hdl_top.sv
hvl_top.compile
hvl_top.sv
top_filelist_hdl.f
top_filelist_hvl.f

/tools/microchip/Libero_SoC_2025.1/Libero_SoC/ModelSim_Pro/examples/UVM_Framework/UVMF_2021.3/vip_examples/project_benches/qvip_axi4_example/tb/tests:
qvip_axi4_bench_test_pkg.compile
qvip_axi4_bench_test_pkg.sv
src

/tools/microchip/Libero_SoC_2025.1/Libero_SoC/ModelSim_Pro/examples/UVM_Framework/UVMF_2021.3/vip_examples/project_benches/qvip_axi4_example/tb/tests/src:
example_derived_test.svh
test_top.svh

/tools/microchip/Libero_SoC_2025.1/Libero_SoC/ModelSim_Pro/examples/UVM_Framework/UVMF_2021.3/vip_examples/project_benches/scatter_gather_dma:
docs
rtl
scatter_gather_dma_sve.F
sim
sysc
tb
yaml

/tools/microchip/Libero_SoC_2025.1/Libero_SoC/ModelSim_Pro/examples/UVM_Framework/UVMF_2021.3/vip_examples/project_benches/scatter_gather_dma/docs:
interfaces.csv

/tools/microchip/Libero_SoC_2025.1/Libero_SoC/ModelSim_Pro/examples/UVM_Framework/UVMF_2021.3/vip_examples/project_benches/scatter_gather_dma/rtl:
dut.compile
verilog
vhdl

/tools/microchip/Libero_SoC_2025.1/Libero_SoC/ModelSim_Pro/examples/UVM_Framework/UVMF_2021.3/vip_examples/project_benches/scatter_gather_dma/rtl/verilog:
concat_rtl.v
verilog_dut.v
verilog_dut.vinfo

/tools/microchip/Libero_SoC_2025.1/Libero_SoC/ModelSim_Pro/examples/UVM_Framework/UVMF_2021.3/vip_examples/project_benches/scatter_gather_dma/rtl/vhdl:
vhdl_dut.vhd

/tools/microchip/Libero_SoC_2025.1/Libero_SoC/ModelSim_Pro/examples/UVM_Framework/UVMF_2021.3/vip_examples/project_benches/scatter_gather_dma/sim:
bcr_overlay.flow
compile.do
hdl.compile
hdl.vinfo
hvl.compile
hvl.vinfo
Makefile
qvip.compile
README.txt
run.do
tbx.config
testlist
top.compile
veloce.config
velrunopts.ini
viswave.do
wave.do
xwaves.sigs

/tools/microchip/Libero_SoC_2025.1/Libero_SoC/ModelSim_Pro/examples/UVM_Framework/UVMF_2021.3/vip_examples/project_benches/scatter_gather_dma/sysc:
scatter_gather_dma.h
scatter_gather_dma_wrap.cpp
scatter_gather_dma_wrap.h

/tools/microchip/Libero_SoC_2025.1/Libero_SoC/ModelSim_Pro/examples/UVM_Framework/UVMF_2021.3/vip_examples/project_benches/scatter_gather_dma/tb:
parameters
sequences
testbench
tests

/tools/microchip/Libero_SoC_2025.1/Libero_SoC/ModelSim_Pro/examples/UVM_Framework/UVMF_2021.3/vip_examples/project_benches/scatter_gather_dma/tb/parameters:
scatter_gather_dma_parameters_pkg.compile
scatter_gather_dma_parameters_pkg.sv
scatter_gather_dma_parameters_pkg.vinfo

/tools/microchip/Libero_SoC_2025.1/Libero_SoC/ModelSim_Pro/examples/UVM_Framework/UVMF_2021.3/vip_examples/project_benches/scatter_gather_dma/tb/sequences:
scatter_gather_dma_sequences_pkg.compile
scatter_gather_dma_sequences_pkg.sv
scatter_gather_dma_sequences_pkg.vinfo
src

/tools/microchip/Libero_SoC_2025.1/Libero_SoC/ModelSim_Pro/examples/UVM_Framework/UVMF_2021.3/vip_examples/project_benches/scatter_gather_dma/tb/sequences/src:
dma_cmd_seq.svh
dma_util_seq.svh
example_derived_test_sequence.svh
register_test_sequence.svh
scatter_gather_dma_bench_sequence_base.svh
scatter_gather_dma_cmd_base_seq.svh
scatter_gather_dma_cov_loop_seq.svh
scatter_gather_dma_cov_seq.svh
scatter_gather_dma_cp_seq.svh
scatter_gather_dma_err_seq.svh
scatter_gather_dma_sg_seq.svh

/tools/microchip/Libero_SoC_2025.1/Libero_SoC/ModelSim_Pro/examples/UVM_Framework/UVMF_2021.3/vip_examples/project_benches/scatter_gather_dma/tb/testbench:
hdl_top.compile
hdl_top.sv
hdl_top.vinfo
hvl_top.compile
hvl_top.sv
hvl_top.vinfo
top_filelist_hdl.f
top_filelist_hvl.f

/tools/microchip/Libero_SoC_2025.1/Libero_SoC/ModelSim_Pro/examples/UVM_Framework/UVMF_2021.3/vip_examples/project_benches/scatter_gather_dma/tb/tests:
scatter_gather_dma_tests_pkg.compile
scatter_gather_dma_tests_pkg.sv
scatter_gather_dma_tests_pkg.vinfo
src

/tools/microchip/Libero_SoC_2025.1/Libero_SoC/ModelSim_Pro/examples/UVM_Framework/UVMF_2021.3/vip_examples/project_benches/scatter_gather_dma/tb/tests/src:
example_derived_test.svh
mgc_axi4_s0_cov_config_policy.svh
register_test.svh
scatter_gather_dma_cov_loop_test.svh
scatter_gather_dma_cov_test.svh
scatter_gather_dma_cp_test.svh
scatter_gather_dma_err_test.svh
scatter_gather_dma_sg_test.svh
test_top.svh

/tools/microchip/Libero_SoC_2025.1/Libero_SoC/ModelSim_Pro/examples/UVM_Framework/UVMF_2021.3/vip_examples/project_benches/scatter_gather_dma/yaml:
scatter_gather_dma_bench.yaml

/tools/microchip/Libero_SoC_2025.1/Libero_SoC/ModelSim_Pro/examples/UVM_Framework/UVMF_2021.3/vip_examples/project_benches/vip_axi4_example:
sim
tb

/tools/microchip/Libero_SoC_2025.1/Libero_SoC/ModelSim_Pro/examples/UVM_Framework/UVMF_2021.3/vip_examples/project_benches/vip_axi4_example/sim:
hdl.compile
hdl_vlog.compile
hvl.compile
Makefile
testlist
top.compile
veloce.config
wave.do

/tools/microchip/Libero_SoC_2025.1/Libero_SoC/ModelSim_Pro/examples/UVM_Framework/UVMF_2021.3/vip_examples/project_benches/vip_axi4_example/tb:
parameters
sequences
testbench
tests

/tools/microchip/Libero_SoC_2025.1/Libero_SoC/ModelSim_Pro/examples/UVM_Framework/UVMF_2021.3/vip_examples/project_benches/vip_axi4_example/tb/parameters:
vip_axi4_bench_parameters_pkg.compile
vip_axi4_bench_parameters_pkg.sv

/tools/microchip/Libero_SoC_2025.1/Libero_SoC/ModelSim_Pro/examples/UVM_Framework/UVMF_2021.3/vip_examples/project_benches/vip_axi4_example/tb/sequences:
src
vip_axi4_bench_sequences_pkg.compile
vip_axi4_bench_sequences_pkg.sv

/tools/microchip/Libero_SoC_2025.1/Libero_SoC/ModelSim_Pro/examples/UVM_Framework/UVMF_2021.3/vip_examples/project_benches/vip_axi4_example/tb/sequences/src:
example_derived_test_sequence.svh
vip_axi4_bench_sequence_base.svh

/tools/microchip/Libero_SoC_2025.1/Libero_SoC/ModelSim_Pro/examples/UVM_Framework/UVMF_2021.3/vip_examples/project_benches/vip_axi4_example/tb/testbench:
hdl_top.compile
hdl_top.sv
hvl_top.compile
hvl_top.sv
top_filelist_hdl.f
top_filelist_hvl.f

/tools/microchip/Libero_SoC_2025.1/Libero_SoC/ModelSim_Pro/examples/UVM_Framework/UVMF_2021.3/vip_examples/project_benches/vip_axi4_example/tb/tests:
src
vip_axi4_bench_test_pkg.compile
vip_axi4_bench_test_pkg.sv

/tools/microchip/Libero_SoC_2025.1/Libero_SoC/ModelSim_Pro/examples/UVM_Framework/UVMF_2021.3/vip_examples/project_benches/vip_axi4_example/tb/tests/src:
example_derived_test.svh
test_top.svh

/tools/microchip/Libero_SoC_2025.1/Libero_SoC/ModelSim_Pro/examples/UVM_Framework/UVMF_2021.3/vip_examples/verification_ip:
environment_packages
interface_packages

/tools/microchip/Libero_SoC_2025.1/Libero_SoC/ModelSim_Pro/examples/UVM_Framework/UVMF_2021.3/vip_examples/verification_ip/environment_packages:
axi4_2x2_fabric_env_pkg
axi4_2x2_fabric_qvip_dir
scatter_gather_dma_env_pkg
scatter_gather_dma_qvip_dir
vip_axi4_env_pkg

/tools/microchip/Libero_SoC_2025.1/Libero_SoC/ModelSim_Pro/examples/UVM_Framework/UVMF_2021.3/vip_examples/verification_ip/environment_packages/axi4_2x2_fabric_env_pkg:
axi4_2x2_fabric_env_pkg.compile
axi4_2x2_fabric_env_pkg.sv
axi4_2x2_fabric_env_pkg_sve.F
axi4_2x2_fabric_env_pkg.vinfo
compile.do
Makefile
src
yaml

/tools/microchip/Libero_SoC_2025.1/Libero_SoC/ModelSim_Pro/examples/UVM_Framework/UVMF_2021.3/vip_examples/verification_ip/environment_packages/axi4_2x2_fabric_env_pkg/src:
axi4_2x2_fabric_env_configuration.svh
axi4_2x2_fabric_environment.svh
axi4_2x2_fabric_env_sequence_base.svh
axi4_2x2_fabric_env_typedefs.svh
axi4_master_predictor.svh
axi4_slave_predictor.svh
axi4_slave_rw_predictor.svh

/tools/microchip/Libero_SoC_2025.1/Libero_SoC/ModelSim_Pro/examples/UVM_Framework/UVMF_2021.3/vip_examples/verification_ip/environment_packages/axi4_2x2_fabric_env_pkg/yaml:
axi4_2x2_fabric_environment.yaml
axi4_2x2_fabric_util_comp_axi4_master_predictor.yaml
axi4_2x2_fabric_util_comp_axi4_slave_predictor.yaml
axi4_2x2_fabric_util_comp_axi4_slave_rw_predictor.yaml

/tools/microchip/Libero_SoC_2025.1/Libero_SoC/ModelSim_Pro/examples/UVM_Framework/UVMF_2021.3/vip_examples/verification_ip/environment_packages/axi4_2x2_fabric_qvip_dir:
axi4_2x2_fabric_qvip_dir_2019.4.cmd
config_policies
README.cmd
uvmf
uvm_tb

/tools/microchip/Libero_SoC_2025.1/Libero_SoC/ModelSim_Pro/examples/UVM_Framework/UVMF_2021.3/vip_examples/verification_ip/environment_packages/axi4_2x2_fabric_qvip_dir/config_policies:
axi4_2x2_fabric_qvip_params_pkg.sv
mgc_axi4_m0_config_policy.svh
mgc_axi4_m1_config_policy.svh
mgc_axi4_s0_config_policy.svh
mgc_axi4_s1_config_policy.svh

/tools/microchip/Libero_SoC_2025.1/Libero_SoC/ModelSim_Pro/examples/UVM_Framework/UVMF_2021.3/vip_examples/verification_ip/environment_packages/axi4_2x2_fabric_qvip_dir/uvmf:
axi4_2x2_fabric_qvip_env_configuration.svh
axi4_2x2_fabric_qvip_environment.svh
axi4_2x2_fabric_qvip_filelist.f
axi4_2x2_fabric_qvip_pkg.sv
axi4_2x2_fabric_qvip_subenv_config.yaml
axi4_2x2_fabric_qvip_test_base.svh
axi4_2x2_fabric_qvip_vseq_base.svh
default_clk_gen.sv
default_reset_gen.sv
hdl_axi4_2x2_fabric_qvip.sv
hvl_axi4_2x2_fabric_qvip.sv
Makefile
questa_run_32
questa_run_64
test_packages.svh

/tools/microchip/Libero_SoC_2025.1/Libero_SoC/ModelSim_Pro/examples/UVM_Framework/UVMF_2021.3/vip_examples/verification_ip/environment_packages/axi4_2x2_fabric_qvip_dir/uvm_tb:
axi4_2x2_fabric_qvip_env_config.svh
axi4_2x2_fabric_qvip_env.svh
axi4_2x2_fabric_qvip_pkg.sv
axi4_2x2_fabric_qvip_test_base.svh
axi4_2x2_fabric_qvip_vseq_base.svh
default_clk_gen.sv
default_reset_gen.sv
hdl_axi4_2x2_fabric_qvip.sv
hvl_axi4_2x2_fabric_qvip.sv
ius_run_32
ius_run_64
Makefile
mgc_axi4_m0_sigs.do
mgc_axi4_m0_txns.do
mgc_axi4_m1_sigs.do
mgc_axi4_m1_txns.do
mgc_axi4_s0_sigs.do
mgc_axi4_s0_txns.do
mgc_axi4_s1_sigs.do
mgc_axi4_s1_txns.do
questa_run_32
questa_run_64
test_packages.svh
vcs_run_32
vcs_run_64

/tools/microchip/Libero_SoC_2025.1/Libero_SoC/ModelSim_Pro/examples/UVM_Framework/UVMF_2021.3/vip_examples/verification_ip/environment_packages/scatter_gather_dma_env_pkg:
compile.do
Makefile
scatter_gather_dma_env_pkg.compile
scatter_gather_dma_env_pkg.sv
scatter_gather_dma_env_pkg_sve.F
scatter_gather_dma_env_pkg.vinfo
src
yaml

/tools/microchip/Libero_SoC_2025.1/Libero_SoC/ModelSim_Pro/examples/UVM_Framework/UVMF_2021.3/vip_examples/verification_ip/environment_packages/scatter_gather_dma_env_pkg/src:
scatter_gather_dma_env_configuration.svh
scatter_gather_dma_environment.svh
scatter_gather_dma_env_sequence_base.svh
scatter_gather_dma_env_typedefs.svh

/tools/microchip/Libero_SoC_2025.1/Libero_SoC/ModelSim_Pro/examples/UVM_Framework/UVMF_2021.3/vip_examples/verification_ip/environment_packages/scatter_gather_dma_env_pkg/yaml:
scatter_gather_dma_environment.yaml

/tools/microchip/Libero_SoC_2025.1/Libero_SoC/ModelSim_Pro/examples/UVM_Framework/UVMF_2021.3/vip_examples/verification_ip/environment_packages/scatter_gather_dma_qvip_dir:
config_policies
scatter_gather_dma_qvip_dir.cmd
uvmf
uvm_tb

/tools/microchip/Libero_SoC_2025.1/Libero_SoC/ModelSim_Pro/examples/UVM_Framework/UVMF_2021.3/vip_examples/verification_ip/environment_packages/scatter_gather_dma_qvip_dir/config_policies:
mgc_axi4_m0_config_policy.svh
mgc_axi4_s0_config_policy.svh
scatter_gather_dma_qvip_params_pkg.sv

/tools/microchip/Libero_SoC_2025.1/Libero_SoC/ModelSim_Pro/examples/UVM_Framework/UVMF_2021.3/vip_examples/verification_ip/environment_packages/scatter_gather_dma_qvip_dir/uvmf:
default_clk_gen.sv
default_reset_gen.sv
hdl_scatter_gather_dma_qvip.sv
hvl_scatter_gather_dma_qvip.sv
Makefile
qrun_32.f
qrun_64.f
questa_run_32
questa_run_64
scatter_gather_dma_qvip_env_configuration.svh
scatter_gather_dma_qvip_environment.svh
scatter_gather_dma_qvip_filelist.f
scatter_gather_dma_qvip_pkg.sv
scatter_gather_dma_qvip_subenv_config.yaml
scatter_gather_dma_qvip_test_base.svh
scatter_gather_dma_qvip_test_filelist.f
scatter_gather_dma_qvip_test_pkg.sv
scatter_gather_dma_qvip_vseq_base.svh
test_packages.svh

/tools/microchip/Libero_SoC_2025.1/Libero_SoC/ModelSim_Pro/examples/UVM_Framework/UVMF_2021.3/vip_examples/verification_ip/environment_packages/scatter_gather_dma_qvip_dir/uvm_tb:
default_clk_gen.sv
default_reset_gen.sv
hdl_scatter_gather_dma_qvip.sv
hvl_scatter_gather_dma_qvip.sv
ius_run_32
ius_run_64
Makefile
mgc_axi4_m0_sigs.do
mgc_axi4_m0_txns.do
mgc_axi4_s0_sigs.do
mgc_axi4_s0_txns.do
qrun_32.f
qrun_64.f
questa_run_32
questa_run_64
scatter_gather_dma_qvip_env_config.svh
scatter_gather_dma_qvip_env.svh
scatter_gather_dma_qvip_pkg.sv
scatter_gather_dma_qvip_test_base.svh
scatter_gather_dma_qvip_vseq_base.svh
test_packages.svh
vcs_run_32
vcs_run_64

/tools/microchip/Libero_SoC_2025.1/Libero_SoC/ModelSim_Pro/examples/UVM_Framework/UVMF_2021.3/vip_examples/verification_ip/environment_packages/vip_axi4_env_pkg:
Makefile
src
vip_axi4_env_pkg.compile
vip_axi4_env_pkg.sv

/tools/microchip/Libero_SoC_2025.1/Libero_SoC/ModelSim_Pro/examples/UVM_Framework/UVMF_2021.3/vip_examples/verification_ip/environment_packages/vip_axi4_env_pkg/src:
vip_axi4_configuration.svh
vip_axi4_environment.svh
vip_axi4_env_sequence_base.svh

/tools/microchip/Libero_SoC_2025.1/Libero_SoC/ModelSim_Pro/examples/UVM_Framework/UVMF_2021.3/vip_examples/verification_ip/interface_packages:
ccs_pkg

/tools/microchip/Libero_SoC_2025.1/Libero_SoC/ModelSim_Pro/examples/UVM_Framework/UVMF_2021.3/vip_examples/verification_ip/interface_packages/ccs_pkg:
ccs_bfm.vinfo
ccs.compile
ccs_filelist_hdl.f
ccs_filelist_hvl.f
ccs_filelist_xrtl.f
ccs_hdl.compile
ccs_hvl.compile
ccs_pkg_hdl.sv
ccs_pkg_hdl.vinfo
ccs_pkg.sv
ccs_pkg_sve.F
ccs_pkg.vinfo
ccs_shared.compile
compile.do
Makefile
src
yaml

/tools/microchip/Libero_SoC_2025.1/Libero_SoC/ModelSim_Pro/examples/UVM_Framework/UVMF_2021.3/vip_examples/verification_ip/interface_packages/ccs_pkg/src:
ccs2reg_adapter.svh
ccs_agent.svh
ccs_configuration.svh
ccs_driver_bfm.sv
ccs_driver.svh
ccs_if.sv
ccs_infact_coverage_strategy.csv
ccs_macros.svh
ccs_monitor_bfm.sv
ccs_monitor.svh
ccs_random_sequence.svh
ccs_responder_sequence.svh
ccs_sequence_base.svh
ccs_transaction_coverage.svh
ccs_transaction.svh
ccs_transaction_wait_cycles.svh
ccs_typedefs_hdl.svh
ccs_typedefs.svh

/tools/microchip/Libero_SoC_2025.1/Libero_SoC/ModelSim_Pro/examples/UVM_Framework/UVMF_2021.3/vip_examples/verification_ip/interface_packages/ccs_pkg/yaml:
ccs_interface.yaml

/tools/microchip/Libero_SoC_2025.1/Libero_SoC/ModelSim_Pro/examples/vcd:
adder.vhd
gates.vhd
run.do
stimulus.vhd
vectors

/tools/microchip/Libero_SoC_2025.1/Libero_SoC/ModelSim_Pro/examples/verilog:
pli
vpi

/tools/microchip/Libero_SoC_2025.1/Libero_SoC/ModelSim_Pro/examples/verilog/pli:
fibonacci
traverse_design

/tools/microchip/Libero_SoC_2025.1/Libero_SoC/ModelSim_Pro/examples/verilog/pli/fibonacci:
fibonacci.dat
fibonacci.do
fibonacci_pli.c
fibonacci.v
readme.txt

/tools/microchip/Libero_SoC_2025.1/Libero_SoC/ModelSim_Pro/examples/verilog/pli/traverse_design:
dff.v
pli_test.c
pli_test.exports
prim.v
README
top.v
traverse_design.do

/tools/microchip/Libero_SoC_2025.1/Libero_SoC/ModelSim_Pro/examples/verilog/vpi:
mti_probe-log
simple_vpi

/tools/microchip/Libero_SoC_2025.1/Libero_SoC/ModelSim_Pro/examples/verilog/vpi/mti_probe-log:
mti_probe.c
mux21.v
mux41.v
mux81.v
mux_tb.v
README.txt
results.dat
run_mti_probe.do
vpi_user.c

/tools/microchip/Libero_SoC_2025.1/Libero_SoC/ModelSim_Pro/examples/verilog/vpi/simple_vpi:
dff.v
expected_results
prim.v
README
run.do
top.v
vpi_test.c

/tools/microchip/Libero_SoC_2025.1/Libero_SoC/ModelSim_Pro/examples/vhdl:
foreign
io_utils

/tools/microchip/Libero_SoC_2025.1/Libero_SoC/ModelSim_Pro/examples/vhdl/foreign:
example_four
example_one
example_three
example_two

/tools/microchip/Libero_SoC_2025.1/Libero_SoC/ModelSim_Pro/examples/vhdl/foreign/example_four:
foreignsp.c
foreignsp.exports
foreignsp.vhd
run.do

/tools/microchip/Libero_SoC_2025.1/Libero_SoC/ModelSim_Pro/examples/vhdl/foreign/example_one:
example1.c
example1.exports
example1.vhd
run.do

/tools/microchip/Libero_SoC_2025.1/Libero_SoC/ModelSim_Pro/examples/vhdl/foreign/example_three:
run.do
test_circuit.vhd
tester.c
tester.vhd
vectors
xcvr.vhd

/tools/microchip/Libero_SoC_2025.1/Libero_SoC/ModelSim_Pro/examples/vhdl/foreign/example_two:
dumpdes.c
foreign.vhd
gates.c
monitor.c
run.do

/tools/microchip/Libero_SoC_2025.1/Libero_SoC/ModelSim_Pro/examples/vhdl/io_utils:
io_utils.vhd
run.do
values

/tools/microchip/Libero_SoC_2025.1/Libero_SoC/ModelSim_Pro/floatfixlib:
_info
_lib1_0.qdb
_lib1_0.qpg
_lib1_0.qtl
_lib.qdb

/tools/microchip/Libero_SoC_2025.1/Libero_SoC/ModelSim_Pro/ieee:
_data
_info
_lib1_0.qdb
_lib1_0.qpg
_lib1_0.qtl
_lib.qdb

/tools/microchip/Libero_SoC_2025.1/Libero_SoC/ModelSim_Pro/ieee/_data:

/tools/microchip/Libero_SoC_2025.1/Libero_SoC/ModelSim_Pro/ieeepure:
_data
_info
_lib1_0.qdb
_lib1_0.qpg
_lib1_0.qtl
_lib.qdb

/tools/microchip/Libero_SoC_2025.1/Libero_SoC/ModelSim_Pro/ieeepure/_data:

/tools/microchip/Libero_SoC_2025.1/Libero_SoC/ModelSim_Pro/include:
acc_sc.h
acc_user.h
acc_vhdl.h
flexmem_api.h
LICENSE
mti.h
mti_long.h
mtiq.h
mti_traverse.h
mti_vpi_user.h
qkAPI.h
qs_mlapi.h
svdpi_31a.h
svdpi.h
svdpi_prv.h
svdpi_src.h
sv_vpi_user.h
tclDecls.h
tcl.h
tclPlatDecls.h
tkDecls.h
tk.h
veriuser.h
vhpi_user.h
vpi_compatibility.h
vpi_user.h
vpi_vhdl.h
vqpi_user.h
vsimk_old.supp
vsimk.supp
wlf_api.h

/tools/microchip/Libero_SoC_2025.1/Libero_SoC/ModelSim_Pro/keyring:
MGC-DVT-MTI.deprecated
MGC-VELOCE-RSA.active
MGC-VERIF-SIM-RSA-1.deprecated
MGC-VERIF-SIM-RSA-2.deprecated
MGC-VERIF-SIM-RSA-3.deprecated
QuestaDefaultCommon.rights
README.txt
SIEMENS-VERIF-SIM-RSA-1.active
SIEMENS-VERIF-SIM-RSA-2.active

/tools/microchip/Libero_SoC_2025.1/Libero_SoC/ModelSim_Pro/legal:
legacy_oss
ModelSim_Questa_README_OSS.html
ModelSim_Questa_SBOM.json

/tools/microchip/Libero_SoC_2025.1/Libero_SoC/ModelSim_Pro/legal/legacy_oss:
04869_license_info.txt
04922_license_info.txt
04956_license_info.txt
04973_license_info.txt
04974_license_info.txt
04975_license_info.txt
04976_license_info.txt
04977_license_info.txt
04978_license_info.txt
04979_license_info.txt
04980_license_info.txt
04996_license_info.txt
04997_license_info.txt
04998_license_info.txt
04999_license_info.txt
05000_license_info.txt
05107_license_info.txt
05282_license_info.txt
05285_license_info.txt
05317_license_info.txt
05398_license_info.txt
05552_license_info.txt
05634_license_info.txt
06160_license_info.txt
apache_2.0.pdf
boost_1.0.pdf
cc2_5_license.pdf
gnu_free_doc_1.1.pdf
gnu_free_doc_1.2.pdf
gnu_free_doc_1.3.pdf
gnu_gpl_2.0.pdf
gnu_gpl_3.0.pdf
gnu_lgpl_2.1.pdf
gnu_lgpl_3.0.pdf
gnu_library_gpl_2.0.pdf
open_source_v3.pdf
perl_artistic_2.0.pdf
sil_open_font_1.1.pdf
systemc_open_source_3.0.pdf
unicode_term_of_use_2014.pdf
w3c_2002.pdf

/tools/microchip/Libero_SoC_2025.1/Libero_SoC/ModelSim_Pro/lib:

/tools/microchip/Libero_SoC_2025.1/Libero_SoC/ModelSim_Pro/linuxacoem:
aid
diffdetect
dumplog64
echkpnt.modelsim
erestart.modelsim
fsmST.so
hm_entity
Img1.4.9
itcl3.4
itk3.4
lfkcheck
libhm.sl
libmtipli.so
libsm.sl
libswiftpli.sl
libtcl8.6.a
libtclstub8.6.a
libtk8.6.a
libtk8.6.so
libtkstub8.6.a
libucdb.a
libuinfo.so
libvcdstim.so
libwlf.a
libwlf.so
lmborrow
lmcksum
lmdiag
lmdown
lmhostid
lmnewlog
lmpath
lmremove
lmreread
lmstat
lmswitchr
lmutil
lmver
memory_interposer.so
mgc.pkginfo
mitcl
mti_copy
mti_rmtree
mtiRPC
nlviewST.so
options
profile_system.so
QuestaCppOverride.so
readdwarf
rmdb
salt_mgls_asynch
ScintillaTk
sdfcom
sdfencrypt
sm_entity
START_SERVER
Tclxml2.6
thread2.7.3
tk8.6
tkdnd
Tktable2.10
transcript
treectrl2.2.9
trofs0.4.8
tssi2mti
vcd2wlf
vcom
vdbg
vdbgpa
vdel
vdir
vencrypt
verror
vfs1.4
vgencomp
vhencrypt
vish
VisualizerRls
vlib
vlm
vlog
vmake
vmap
vovl
vsim
vsimk
vsimka.mdb
wlf2log
wlf2vcd
wlfcmp
wlfman
wlfrecover

/tools/microchip/Libero_SoC_2025.1/Libero_SoC/ModelSim_Pro/linuxacoem/Img1.4.9:
libtkimg1.4.9.so
libtkimgbmp1.4.9.so
libtkimgdted1.4.9.so
libtkimgflir1.4.9.so
libtkimggif1.4.9.so
libtkimgico1.4.9.so
libtkimgpcx1.4.9.so
libtkimgpixmap1.4.9.so
libtkimgppm1.4.9.so
libtkimgps1.4.9.so
libtkimgraw1.4.9.so
libtkimgsgi1.4.9.so
libtkimgstub1.4.9.a
libtkimgsun1.4.9.so
libtkimgtga1.4.9.so
libtkimgwindow1.4.9.so
libtkimgxbm1.4.9.so
libtkimgxpm1.4.9.so
libzlibtcl1.2.11.so
libzlibtclstub1.2.11.a
pkgIndex.tcl

/tools/microchip/Libero_SoC_2025.1/Libero_SoC/ModelSim_Pro/linuxacoem/itcl3.4:
itcl.tcl
libitcl3.4.so
libitclstub3.4.a
pkgIndex.tcl

/tools/microchip/Libero_SoC_2025.1/Libero_SoC/ModelSim_Pro/linuxacoem/itk3.4:
Archetype.itk
itk.tcl
libitk3.4.so
pkgIndex.tcl
tclIndex
Toplevel.itk
Widget.itk

/tools/microchip/Libero_SoC_2025.1/Libero_SoC/ModelSim_Pro/linuxacoem/mitcl:
libmitcl.so
pkgIndex.tcl

/tools/microchip/Libero_SoC_2025.1/Libero_SoC/ModelSim_Pro/linuxacoem/mtiRPC:
libmtiRPC.so
pkgIndex.tcl

/tools/microchip/Libero_SoC_2025.1/Libero_SoC/ModelSim_Pro/linuxacoem/rmdb:
librmdb.so
pkgIndex.tcl

/tools/microchip/Libero_SoC_2025.1/Libero_SoC/ModelSim_Pro/linuxacoem/ScintillaTk:
doc
iface.tcl
lexCPP.tcl
lexTCL.tcl
libScintillaTk1.14.so
pkgIndex.tcl
scintillatk.tcl

/tools/microchip/Libero_SoC_2025.1/Libero_SoC/ModelSim_Pro/linuxacoem/ScintillaTk/doc:
demos
scintillatk.html

/tools/microchip/Libero_SoC_2025.1/Libero_SoC/ModelSim_Pro/linuxacoem/ScintillaTk/doc/demos:
ypedit.tcl

/tools/microchip/Libero_SoC_2025.1/Libero_SoC/ModelSim_Pro/linuxacoem/Tclxml2.6:
libTclxml2.6.so
libTclxmlstub2.6.a
pkgIndex.tcl
sgml-8.0.tcl
sgml-8.1.tcl
sgmlparser.tcl
tclparser-8.0.tcl
tclparser-8.1.tcl
xml-8.0.tcl
xml-8.1.tcl
xml__tcl.tcl
xpath.tcl

/tools/microchip/Libero_SoC_2025.1/Libero_SoC/ModelSim_Pro/linuxacoem/thread2.7.3:
libthread2.7.3.so
pkgIndex.tcl
ttrace.tcl

/tools/microchip/Libero_SoC_2025.1/Libero_SoC/ModelSim_Pro/linuxacoem/tk8.6:
bgerror.tcl
button.tcl
choosedir.tcl
clrpick.tcl
comdlg.tcl
console.tcl
demos
dialog.tcl
entry.tcl
focus.tcl
fontchooser.tcl
iconlist.tcl
icons.tcl
images
listbox.tcl
megawidget.tcl
menu.tcl
mkpsenc.tcl
msgbox.tcl
msgs
obsolete.tcl
optMenu.tcl
palette.tcl
panedwindow.tcl
pkgIndex.tcl
safetk.tcl
scale.tcl
scrlbar.tcl
spinbox.tcl
tclIndex
tearoff.tcl
text.tcl
tkAppInit.c
tkfbox.tcl
tk.tcl
ttk
unsupported.tcl
xmfbox.tcl

/tools/microchip/Libero_SoC_2025.1/Libero_SoC/ModelSim_Pro/linuxacoem/tk8.6/demos:
anilabel.tcl
aniwave.tcl
arrow.tcl
bind.tcl
bitmap.tcl
browse
button.tcl
check.tcl
clrpick.tcl
colors.tcl
combo.tcl
cscroll.tcl
ctext.tcl
dialog1.tcl
dialog2.tcl
en.msg
entry1.tcl
entry2.tcl
entry3.tcl
filebox.tcl
floor.tcl
fontchoose.tcl
form.tcl
goldberg.tcl
hello
hscale.tcl
icon.tcl
image1.tcl
image2.tcl
images
items.tcl
ixset
knightstour.tcl
labelframe.tcl
label.tcl
license.terms
mclist.tcl
menubu.tcl
menu.tcl
msgbox.tcl
nl.msg
paned1.tcl
paned2.tcl
pendulum.tcl
plot.tcl
puzzle.tcl
radio.tcl
README
rmt
rolodex
ruler.tcl
sayings.tcl
search.tcl
spin.tcl
states.tcl
style.tcl
tclIndex
tcolor
textpeer.tcl
text.tcl
timer
toolbar.tcl
tree.tcl
ttkbut.tcl
ttkmenu.tcl
ttknote.tcl
ttkpane.tcl
ttkprogress.tcl
ttkscale.tcl
twind.tcl
unicodeout.tcl
vscale.tcl
widget

/tools/microchip/Libero_SoC_2025.1/Libero_SoC/ModelSim_Pro/linuxacoem/tk8.6/demos/images:
earth.gif
earthris.gif
face.xbm
flagdown.xbm
flagup.xbm
gray25.xbm
letters.xbm
noletter.xbm
ouster.png
pattern.xbm
tcllogo.gif
teapot.ppm

/tools/microchip/Libero_SoC_2025.1/Libero_SoC/ModelSim_Pro/linuxacoem/tk8.6/images:
logo100.gif
logo64.gif
logo.eps
logoLarge.gif
logoMed.gif
pwrdLogo100.gif
pwrdLogo150.gif
pwrdLogo175.gif
pwrdLogo200.gif
pwrdLogo75.gif
pwrdLogo.eps
README
tai-ku.gif

/tools/microchip/Libero_SoC_2025.1/Libero_SoC/ModelSim_Pro/linuxacoem/tk8.6/msgs:
cs.msg
da.msg
de.msg
el.msg
en_gb.msg
en.msg
eo.msg
es.msg
fr.msg
hu.msg
it.msg
nl.msg
pl.msg
pt.msg
ru.msg
sv.msg

/tools/microchip/Libero_SoC_2025.1/Libero_SoC/ModelSim_Pro/linuxacoem/tk8.6/ttk:
altTheme.tcl
aquaTheme.tcl
button.tcl
clamTheme.tcl
classicTheme.tcl
combobox.tcl
cursors.tcl
defaults.tcl
entry.tcl
fonts.tcl
menubutton.tcl
notebook.tcl
panedwindow.tcl
progress.tcl
scale.tcl
scrollbar.tcl
sizegrip.tcl
spinbox.tcl
treeview.tcl
ttk.tcl
utils.tcl
vistaTheme.tcl
winTheme.tcl
xpTheme.tcl

/tools/microchip/Libero_SoC_2025.1/Libero_SoC/ModelSim_Pro/linuxacoem/tkdnd:
pkgIndex.tcl
tkdnd.tcl

/tools/microchip/Libero_SoC_2025.1/Libero_SoC/ModelSim_Pro/linuxacoem/Tktable2.10:
html
libTktable2.10.so
license.txt
pkgIndex.tcl
README.txt
tktable.py
tkTable.tcl

/tools/microchip/Libero_SoC_2025.1/Libero_SoC/ModelSim_Pro/linuxacoem/Tktable2.10/html:
tkTable.html

/tools/microchip/Libero_SoC_2025.1/Libero_SoC/ModelSim_Pro/linuxacoem/treectrl2.2.9:

/tools/microchip/Libero_SoC_2025.1/Libero_SoC/ModelSim_Pro/linuxacoem/trofs0.4.8:
libtrofs0.4.8.a
libtrofs0.4.8.so
pkgIndex.tcl
procs.tcl
trofs.tcl

/tools/microchip/Libero_SoC_2025.1/Libero_SoC/ModelSim_Pro/linuxacoem/vfs1.4:
ftpvfs.tcl
httpvfs.tcl
libvfs1.4.so
mk4vfs.tcl
pkgIndex.tcl
starkit.tcl
tarvfs.tcl
tclprocvfs.tcl
template
testvfs.tcl
tkvfs.tcl
vfslib.tcl
vfsUrl.tcl
vfsUtils.tcl
webdavvfs.tcl
zipvfs.tcl

/tools/microchip/Libero_SoC_2025.1/Libero_SoC/ModelSim_Pro/linuxacoem/vfs1.4/template:
chrootvfs.tcl
collatevfs.tcl
deltavfs.tcl
fishvfs.tcl
globfind.tcl
quotavfs.tcl
tdelta.tcl
templatevfs.tcl
versionvfs.tcl

/tools/microchip/Libero_SoC_2025.1/Libero_SoC/ModelSim_Pro/linuxacoem/VisualizerRls:
bin
config

/tools/microchip/Libero_SoC_2025.1/Libero_SoC/ModelSim_Pro/linuxacoem/VisualizerRls/bin:
lmutil
mgc.pkginfo
salt_mgls_asynch

/tools/microchip/Libero_SoC_2025.1/Libero_SoC/ModelSim_Pro/linuxacoem/VisualizerRls/config:
uvmclassfilter.txt

/tools/microchip/Libero_SoC_2025.1/Libero_SoC/ModelSim_Pro/modelsim_lib:
_info
_lib1_0.qdb
_lib1_0.qpg
_lib1_0.qtl
_lib.qdb

/tools/microchip/Libero_SoC_2025.1/Libero_SoC/ModelSim_Pro/obf_src:
docs
examples
scripts

/tools/microchip/Libero_SoC_2025.1/Libero_SoC/ModelSim_Pro/obf_src/docs:
README.txt

/tools/microchip/Libero_SoC_2025.1/Libero_SoC/ModelSim_Pro/obf_src/examples:
AmplitudeProcessor_tb.vhd
README.txt
test2.svp
test_n3b.sdf
top.mpf
top.sv
top.wls

/tools/microchip/Libero_SoC_2025.1/Libero_SoC/ModelSim_Pro/obf_src/scripts:
obfarguments.py
sdf.regex
sdf.wls
ssobfuscate.py
ssreverse.py
sv_std.wls
sv_uvm.wls
system_verilog.regex
system_verilog.wls
tutorial.regex
_version.py
vhdl_ieee.wls
vhdl.regex
vhdl.wls
work.wls

/tools/microchip/Libero_SoC_2025.1/Libero_SoC/ModelSim_Pro/std:
_info
_lib1_0.qdb
_lib1_0.qpg
_lib1_0.qtl
_lib.qdb

/tools/microchip/Libero_SoC_2025.1/Libero_SoC/ModelSim_Pro/std_developerskit:
_info
_lib1_0.qdb
_lib1_0.qpg
_lib1_0.qtl
_lib.qdb

/tools/microchip/Libero_SoC_2025.1/Libero_SoC/ModelSim_Pro/sv_std:
_dpi
_info
_lib1_0.qdb
_lib1_0.qpg
_lib1_0.qtl
_lib.qdb

/tools/microchip/Libero_SoC_2025.1/Libero_SoC/ModelSim_Pro/sv_std/_dpi:
dpi.tfdb

/tools/microchip/Libero_SoC_2025.1/Libero_SoC/ModelSim_Pro/synopsys:
_info
_lib1_0.qdb
_lib1_0.qpg
_lib1_0.qtl
_lib.qdb

/tools/microchip/Libero_SoC_2025.1/Libero_SoC/ModelSim_Pro/verilog:
_info
_lib1_0.qdb
_lib1_0.qpg
_lib1_0.qtl
_lib.qdb

/tools/microchip/Libero_SoC_2025.1/Libero_SoC/ModelSim_Pro/verilog_src:
adms_vlams
dpi_cpack
flcov_ce
infact_src
mti_sv
rnm_pkg
std
upf_pack
uvm-1.2
uvmc-2.3.2
vlog_waveform_edit_package

/tools/microchip/Libero_SoC_2025.1/Libero_SoC/ModelSim_Pro/verilog_src/adms_vlams:
compact.vams
constants.h
constants.vams
discipline.h
disciplines.h
disciplines.vams
driver_access.vams

/tools/microchip/Libero_SoC_2025.1/Libero_SoC/ModelSim_Pro/verilog_src/dpi_cpack:
dpi_cpackages.sv
scdpi.sv

/tools/microchip/Libero_SoC_2025.1/Libero_SoC/ModelSim_Pro/verilog_src/flcov_ce:
vl_flcov_ce_pkg.sv

/tools/microchip/Libero_SoC_2025.1/Libero_SoC/ModelSim_Pro/verilog_src/infact_src:
inFactSvPackage.sv

/tools/microchip/Libero_SoC_2025.1/Libero_SoC/ModelSim_Pro/verilog_src/mti_sv:
fcover.sv

/tools/microchip/Libero_SoC_2025.1/Libero_SoC/ModelSim_Pro/verilog_src/rnm_pkg:
mgc_rnm_pkg.sv
mgc_rnm.sv

/tools/microchip/Libero_SoC_2025.1/Libero_SoC/ModelSim_Pro/verilog_src/std:
std.sv

/tools/microchip/Libero_SoC_2025.1/Libero_SoC/ModelSim_Pro/verilog_src/upf_pack:
upf_package.sv

/tools/microchip/Libero_SoC_2025.1/Libero_SoC/ModelSim_Pro/verilog_src/uvm-1.2:
bin
examples
LICENSE.txt
NOTICE.txt
README.txt
release-notes.txt
src

/tools/microchip/Libero_SoC_2025.1/Libero_SoC/ModelSim_Pro/verilog_src/uvm-1.2/bin:
add_uvm_object_new.pl
ovm-to-uvm10.pl
uvm11-to-uvm12.pl
uvm_dpi_name
uvm_os_name

/tools/microchip/Libero_SoC_2025.1/Libero_SoC/ModelSim_Pro/verilog_src/uvm-1.2/examples:
Makefile.questa

/tools/microchip/Libero_SoC_2025.1/Libero_SoC/ModelSim_Pro/verilog_src/uvm-1.2/src:
base
comps
dap
deprecated
dpi
macros
reg
seq
tlm1
tlm2
uvm_macros.svh
uvm_pkg.sv
uvm.sv

/tools/microchip/Libero_SoC_2025.1/Libero_SoC/ModelSim_Pro/verilog_src/uvm-1.2/src/base:
uvm_barrier.svh
uvm_base.svh
uvm_bottomup_phase.svh
uvm_callback.svh
uvm_cmdline_processor.svh
uvm_common_phases.svh
uvm_comparer.svh
uvm_component.svh
uvm_config_db.svh
uvm_coreservice.svh
uvm_domain.svh
uvm_event_callback.svh
uvm_event.svh
uvm_factory.svh
uvm_globals.svh
uvm_heartbeat.svh
uvm_links.svh
uvm_misc.svh
uvm_object_globals.svh
uvm_objection.svh
uvm_object.svh
uvm_packer.svh
uvm_phase.svh
uvm_pool.svh
uvm_port_base.svh
uvm_printer.svh
uvm_queue.svh
uvm_recorder.svh
uvm_registry.svh
uvm_report_catcher.svh
uvm_report_handler.svh
uvm_report_message.svh
uvm_report_object.svh
uvm_report_server.svh
uvm_resource_db.svh
uvm_resource_specializations.svh
uvm_resource.svh
uvm_root.svh
uvm_runtime_phases.svh
uvm_spell_chkr.svh
uvm_task_phase.svh
uvm_topdown_phase.svh
uvm_transaction.svh
uvm_traversal.svh
uvm_tr_database.svh
uvm_tr_stream.svh
uvm_version.svh

/tools/microchip/Libero_SoC_2025.1/Libero_SoC/ModelSim_Pro/verilog_src/uvm-1.2/src/comps:
uvm_agent.svh
uvm_algorithmic_comparator.svh
uvm_comps.svh
uvm_driver.svh
uvm_env.svh
uvm_in_order_comparator.svh
uvm_monitor.svh
uvm_pair.svh
uvm_policies.svh
uvm_push_driver.svh
uvm_random_stimulus.svh
uvm_scoreboard.svh
uvm_subscriber.svh
uvm_test.svh

/tools/microchip/Libero_SoC_2025.1/Libero_SoC/ModelSim_Pro/verilog_src/uvm-1.2/src/dap:
uvm_dap.svh
uvm_get_to_lock_dap.svh
uvm_set_before_get_dap.svh
uvm_set_get_dap_base.svh
uvm_simple_lock_dap.svh

/tools/microchip/Libero_SoC_2025.1/Libero_SoC/ModelSim_Pro/verilog_src/uvm-1.2/src/deprecated:
readme.important
uvm_resource_converter.svh

/tools/microchip/Libero_SoC_2025.1/Libero_SoC/ModelSim_Pro/verilog_src/uvm-1.2/src/dpi:
uvm_common.c
uvm_dpi.cc
uvm_dpi.h
uvm_dpi.svh
uvm_hdl.c
uvm_hdl_inca.c
uvm_hdl_questa.c
uvm_hdl.svh
uvm_hdl_vcs.c
uvm_regex.cc
uvm_regex.svh
uvm_svcmd_dpi.c
uvm_svcmd_dpi.svh

/tools/microchip/Libero_SoC_2025.1/Libero_SoC/ModelSim_Pro/verilog_src/uvm-1.2/src/macros:
uvm_callback_defines.svh
uvm_deprecated_defines.svh
uvm_global_defines.svh
uvm_message_defines.svh
uvm_object_defines.svh
uvm_phase_defines.svh
uvm_printer_defines.svh
uvm_reg_defines.svh
uvm_sequence_defines.svh
uvm_tlm_defines.svh
uvm_undefineall.svh
uvm_version_defines.svh

/tools/microchip/Libero_SoC_2025.1/Libero_SoC/ModelSim_Pro/verilog_src/uvm-1.2/src/reg:
sequences
uvm_mem_mam.svh
uvm_mem.svh
uvm_reg_adapter.svh
uvm_reg_backdoor.svh
uvm_reg_block.svh
uvm_reg_cbs.svh
uvm_reg_field.svh
uvm_reg_fifo.svh
uvm_reg_file.svh
uvm_reg_indirect.svh
uvm_reg_item.svh
uvm_reg_map.svh
uvm_reg_model.svh
uvm_reg_predictor.svh
uvm_reg_sequence.svh
uvm_reg.svh
uvm_vreg_field.svh
uvm_vreg.svh

/tools/microchip/Libero_SoC_2025.1/Libero_SoC/ModelSim_Pro/verilog_src/uvm-1.2/src/reg/sequences:
uvm_mem_access_seq.svh
uvm_mem_walk_seq.svh
uvm_reg_access_seq.svh
uvm_reg_bit_bash_seq.svh
uvm_reg_hw_reset_seq.svh
uvm_reg_mem_built_in_seq.svh
uvm_reg_mem_hdl_paths_seq.svh
uvm_reg_mem_shared_access_seq.svh

/tools/microchip/Libero_SoC_2025.1/Libero_SoC/ModelSim_Pro/verilog_src/uvm-1.2/src/seq:
uvm_push_sequencer.svh
uvm_seq.svh
uvm_sequence_base.svh
uvm_sequence_builtin.svh
uvm_sequence_item.svh
uvm_sequence_library.svh
uvm_sequencer_analysis_fifo.svh
uvm_sequencer_base.svh
uvm_sequencer_param_base.svh
uvm_sequencer.svh
uvm_sequence.svh

/tools/microchip/Libero_SoC_2025.1/Libero_SoC/ModelSim_Pro/verilog_src/uvm-1.2/src/tlm1:
uvm_analysis_port.svh
uvm_exports.svh
uvm_imps.svh
uvm_ports.svh
uvm_sqr_connections.svh
uvm_sqr_ifs.svh
uvm_tlm_fifo_base.svh
uvm_tlm_fifos.svh
uvm_tlm_ifs.svh
uvm_tlm_imps.svh
uvm_tlm_req_rsp.svh
uvm_tlm.svh

/tools/microchip/Libero_SoC_2025.1/Libero_SoC/ModelSim_Pro/verilog_src/uvm-1.2/src/tlm2:
uvm_tlm2_defines.svh
uvm_tlm2_exports.svh
uvm_tlm2_generic_payload.svh
uvm_tlm2_ifs.svh
uvm_tlm2_imps.svh
uvm_tlm2_ports.svh
uvm_tlm2_sockets_base.svh
uvm_tlm2_sockets.svh
uvm_tlm2.svh
uvm_tlm2_time.svh

/tools/microchip/Libero_SoC_2025.1/Libero_SoC/ModelSim_Pro/verilog_src/uvmc-2.3.2:
docs
examples
lib
README.txt
src
VERSION

/tools/microchip/Libero_SoC_2025.1/Libero_SoC/ModelSim_Pro/verilog_src/uvmc-2.3.2/docs:
ABSTRACT.txt
html
OVERVIEW.txt
REGRESSION_TESTING.txt
RELEASE_NOTES.txt
TLM_REVIEW.txt
UvmConnectPrimer.pdf

/tools/microchip/Libero_SoC_2025.1/Libero_SoC/ModelSim_Pro/verilog_src/uvmc-2.3.2/docs/html:
files
images
index
index.html
javascript
logo.html
menu.html
search
styles

/tools/microchip/Libero_SoC_2025.1/Libero_SoC/ModelSim_Pro/verilog_src/uvmc-2.3.2/docs/html/files:
docs
examples
examples_ovm
src

/tools/microchip/Libero_SoC_2025.1/Libero_SoC/ModelSim_Pro/verilog_src/uvmc-2.3.2/docs/html/files/docs:
ABSTRACT-txt.html
OVERVIEW-txt.html
REGRESSION_TESTING-txt.html
RELEASE_NOTES-txt.html
TLM_REVIEW-txt.html

/tools/microchip/Libero_SoC_2025.1/Libero_SoC/ModelSim_Pro/verilog_src/uvmc-2.3.2/docs/html/files/examples:
commands
config_exts
connections
converters
field_types
osci_tests
xlerate-connections

/tools/microchip/Libero_SoC_2025.1/Libero_SoC/ModelSim_Pro/verilog_src/uvmc-2.3.2/docs/html/files/examples/commands:
consumer-cpp.html
ex_config-cpp.html
ex_factory-cpp.html
ex_phase_control-cpp.html
ex_print_topology-cpp.html
ex_reporting-cpp.html
README-txt.html
sv_main-sv.html

/tools/microchip/Libero_SoC_2025.1/Libero_SoC/ModelSim_Pro/verilog_src/uvmc-2.3.2/docs/html/files/examples/config_exts:
common
README-txt.html

/tools/microchip/Libero_SoC_2025.1/Libero_SoC/ModelSim_Pro/verilog_src/uvmc-2.3.2/docs/html/files/examples/config_exts/common:
AxiConfig-h.html
AxiConfigPkg-sv.html
producer_loopback_dual_ports-svh.html
producer_loopback-h.html
producer_loopback-svh.html

/tools/microchip/Libero_SoC_2025.1/Libero_SoC/ModelSim_Pro/verilog_src/uvmc-2.3.2/docs/html/files/examples/connections:
common
README-txt.html
sc2sc_native-cpp.html
sc2sv-cpp.html
sc2sv-sv.html
sc_wraps_sv-cpp.html
sc_wraps_sv-sv.html
sv2sc2sv-cpp.html
sv2sc2sv-sv.html
sv2sc-cpp.html
sv2sc-sv.html
sv2sc_transport-cpp.html
sv2sc_transport-sv.html
sv2sv_native-sv.html
sv2sv_uvmc-sv.html

/tools/microchip/Libero_SoC_2025.1/Libero_SoC/ModelSim_Pro/verilog_src/uvmc-2.3.2/docs/html/files/examples/connections/common:
consumer2-sv.html
consumer-h.html
consumer-sv.html
producer2-sv.html
producer-h.html
producer-sv.html
scoreboard-sv.html

/tools/microchip/Libero_SoC_2025.1/Libero_SoC/ModelSim_Pro/verilog_src/uvmc-2.3.2/docs/html/files/examples/converters:
consumer2-cpp.html
consumer-cpp.html
producer-sv.html
README-txt.html
sc_converter_adapter-cpp.html
sc_converter_bidir_trans-cpp.html
sc_converter_class-cpp.html
sc_converter_macros-cpp.html
sc_converter_trans-cpp.html
sv_converter_bidir_trans-sv.html
sv_converter_class-sv.html
sv_converter_trans_field_macros-sv.html
sv_converter_trans-sv.html

/tools/microchip/Libero_SoC_2025.1/Libero_SoC/ModelSim_Pro/verilog_src/uvmc-2.3.2/docs/html/files/examples/field_types:
README-txt.html
sc_main-cpp.html
sv_main-sv.html

/tools/microchip/Libero_SoC_2025.1/Libero_SoC/ModelSim_Pro/verilog_src/uvmc-2.3.2/docs/html/files/examples/osci_tests:
common
sc2sc_native-cpp.html

/tools/microchip/Libero_SoC_2025.1/Libero_SoC/ModelSim_Pro/verilog_src/uvmc-2.3.2/docs/html/files/examples/osci_tests/common:
consumer-h.html
producer-h.html

/tools/microchip/Libero_SoC_2025.1/Libero_SoC/ModelSim_Pro/verilog_src/uvmc-2.3.2/docs/html/files/examples/xlerate-connections:
README-txt.html

/tools/microchip/Libero_SoC_2025.1/Libero_SoC/ModelSim_Pro/verilog_src/uvmc-2.3.2/docs/html/files/examples_ovm:
commands
connections
converters
field_types

/tools/microchip/Libero_SoC_2025.1/Libero_SoC/ModelSim_Pro/verilog_src/uvmc-2.3.2/docs/html/files/examples_ovm/commands:
consumer-cpp.html
ex_config-cpp.html
ex_factory-cpp.html
ex_phase_control-cpp.html
ex_print_topology-cpp.html
ex_reporting-cpp.html
README-txt.html
sv_main-sv.html

/tools/microchip/Libero_SoC_2025.1/Libero_SoC/ModelSim_Pro/verilog_src/uvmc-2.3.2/docs/html/files/examples_ovm/connections:
common
README-txt.html
sc2sc_native-cpp.html
sc2sv-cpp.html
sc2sv-sv.html
sc_wraps_sv-cpp.html
sc_wraps_sv-sv.html
sv2sc2sv-cpp.html
sv2sc2sv-sv.html
sv2sc-cpp.html
sv2sc-sv.html
sv2sv_native-sv.html
sv2sv_uvmc-sv.html

/tools/microchip/Libero_SoC_2025.1/Libero_SoC/ModelSim_Pro/verilog_src/uvmc-2.3.2/docs/html/files/examples_ovm/connections/common:
consumer-h.html
consumer-sv.html
producer-h.html
producer-sv.html
scoreboard-sv.html

/tools/microchip/Libero_SoC_2025.1/Libero_SoC/ModelSim_Pro/verilog_src/uvmc-2.3.2/docs/html/files/examples_ovm/converters:
consumer2-cpp.html
consumer-cpp.html
producer-sv.html
README-txt.html
sc_converter_adapter-cpp.html
sc_converter_class-cpp.html
sc_converter_macros-cpp.html
sc_converter_trans-cpp.html
sv_converter_class-sv.html
sv_converter_trans_field_macros-sv.html
sv_converter_trans-sv.html

/tools/microchip/Libero_SoC_2025.1/Libero_SoC/ModelSim_Pro/verilog_src/uvmc-2.3.2/docs/html/files/examples_ovm/field_types:
README-txt.html
sc_main-cpp.html
sv_main-sv.html

/tools/microchip/Libero_SoC_2025.1/Libero_SoC/ModelSim_Pro/verilog_src/uvmc-2.3.2/docs/html/files/src:
connect

/tools/microchip/Libero_SoC_2025.1/Libero_SoC/ModelSim_Pro/verilog_src/uvmc-2.3.2/docs/html/files/src/connect:
sc

/tools/microchip/Libero_SoC_2025.1/Libero_SoC/ModelSim_Pro/verilog_src/uvmc-2.3.2/docs/html/files/src/connect/sc:
uvmc_commands-h.html
uvmc_macros-h.html

/tools/microchip/Libero_SoC_2025.1/Libero_SoC/ModelSim_Pro/verilog_src/uvmc-2.3.2/docs/html/images:
bg_column_top_tall_BLUE.gif
bg_masthead_BLUE3.gif
mentor-logo.jpg
sv-sc-sv-loopback-dual-port.jpg
UVMC_Connections_SC2SC-native.png
UVMC_Connections_SC2SV.png
UVMC_Connections_SCwrapsSV.png
UVMC_Connections_SV2SC2SV.png
UVMC_Connections_SV2SC.png
UVMC_Connections_SV2SV-native.png
UVMC_Converters_SC_InTrans.png
UVMC_Converters_SC_UserDefinedAdapter.png
UVMC_Converters_SC_UserDefined.png
UVMC_Converters_SV_InTransMacros.png
UVMC_Converters_SV_InTrans.png
UVMC_Converters_SV_UserDefined.png
UVMC_Overview_1.png
UVMC_TLM_Overview_Analysis_Imps.png
UVMC_TLM_Overview_Analysis_Ports.png
UVMC_TLM_Overview_BTransportSocket.png
UVMC_TLM_Overview_Export_Imp.png
UVMC_TLM_Overview_Export_Self.png
UVMC_TLM_Overview_Hierarchical.png
UVMC_TLM_Overview_Imps.png
UVMC_TLM_Overview_InitiatorSocket.png
UVMC_TLM_Overview_Interfaces.png
UVMC_TLM_Overview_ITPC_Connections.png
UVMC_TLM_Overview_NBTransportSocket.png
UVMC_TLM_Overview_Ports.png
UVMC_TLM_Overview_TargetSocket.png

/tools/microchip/Libero_SoC_2025.1/Libero_SoC/ModelSim_Pro/verilog_src/uvmc-2.3.2/docs/html/index:
Classes.html
Constants.html
General.html
Methods.html
Modules.html
Sections.html
Types.html

/tools/microchip/Libero_SoC_2025.1/Libero_SoC/ModelSim_Pro/verilog_src/uvmc-2.3.2/docs/html/javascript:
main.js
searchdata.js

/tools/microchip/Libero_SoC_2025.1/Libero_SoC/ModelSim_Pro/verilog_src/uvmc-2.3.2/docs/html/search:
ClassesC.html
ClassesE.html
ClassesO.html
ClassesP.html
ClassesR.html
ClassesS.html
ClassesT.html
ClassesU.html
ConstantsU.html
GeneralA.html
GeneralB.html
GeneralC.html
GeneralD.html
GeneralE.html
GeneralF.html
GeneralG.html
GeneralH.html
GeneralI.html
GeneralK.html
GeneralL.html
GeneralM.html
GeneralN.html
GeneralNumbers.html
GeneralO.html
GeneralP.html
GeneralQ.html
GeneralR.html
GeneralS.html
GeneralT.html
GeneralU.html
GeneralW.html
MethodsA.html
MethodsB.html
MethodsC.html
MethodsD.html
MethodsL.html
MethodsN.html
MethodsP.html
MethodsR.html
MethodsS.html
MethodsU.html
MethodsW.html
ModulesS.html
NoResults.html
SectionsA.html
SectionsC.html
SectionsF.html
SectionsI.html
SectionsNumbers.html
SectionsR.html
SectionsS.html
SectionsT.html
SectionsU.html
TypesU.html

/tools/microchip/Libero_SoC_2025.1/Libero_SoC/ModelSim_Pro/verilog_src/uvmc-2.3.2/docs/html/styles:
main.css

/tools/microchip/Libero_SoC_2025.1/Libero_SoC/ModelSim_Pro/verilog_src/uvmc-2.3.2/examples:
commands
common
config_exts
connections
converters
Env.script
field_types
Makefile
Makefile.ius
Makefile.osci
Makefile.questa
Makefile.vcs
osci_tests
test_drive.csh
xlerate.connections

/tools/microchip/Libero_SoC_2025.1/Libero_SoC/ModelSim_Pro/verilog_src/uvmc-2.3.2/examples/commands:
consumer.cpp
Env.script
ex_config.cpp
ex_factory.cpp
ex_phase_control.cpp
ex_print_topology.cpp
ex_reporting.cpp
gold
Makefile
Makefile.ius
Makefile.questa
Makefile.vcs
README.txt
run_questa
sv_main.sv

/tools/microchip/Libero_SoC_2025.1/Libero_SoC/ModelSim_Pro/verilog_src/uvmc-2.3.2/examples/commands/gold:
check.config.log.cmp
check.factory.log.cmp
check.phasing.log.cmp
check.pl
check.reporting.log.cmp
check.topology.log.cmp

/tools/microchip/Libero_SoC_2025.1/Libero_SoC/ModelSim_Pro/verilog_src/uvmc-2.3.2/examples/common:
fix-modelsim-ini.pl
Makefile.ius
Makefile.questa
Makefile.vcs
xlcheck.pl

/tools/microchip/Libero_SoC_2025.1/Libero_SoC/ModelSim_Pro/verilog_src/uvmc-2.3.2/examples/config_exts:
common
common.mk
Env.script
gold
Makefile
Makefile.ius
Makefile.questa
Makefile.vcs
README.txt
sc2sv2sc_xl_gp_converter_loopback.cpp
sc2sv2sc_xl_gp_converter_loopback.sv
sv2sc2sv_xl_gp_converter_loopback.cpp
sv2sc2sv_xl_gp_converter_loopback_dual_ports.cpp
sv2sc2sv_xl_gp_converter_loopback_dual_ports.sv
sv2sc2sv_xl_gp_converter_loopback.sv

/tools/microchip/Libero_SoC_2025.1/Libero_SoC/ModelSim_Pro/verilog_src/uvmc-2.3.2/examples/config_exts/common:
AxiConfig.h
AxiConfigPkg.sv
loopback_dual_ports.h
loopback.h
loopback.svh
producer_loopback_dual_ports.svh
producer_loopback.h
producer_loopback.svh

/tools/microchip/Libero_SoC_2025.1/Libero_SoC/ModelSim_Pro/verilog_src/uvmc-2.3.2/examples/config_exts/gold:
check.pl
check.sc2sv2sc_xl_gp_converter_loopback_whole_image_payloads.log.cmp
check.sc2sv2sc_xl_gp_converter_loopback_whole_image_payloads.log.cmp.ius
check.sc2sv2sc_xl_gp_converter_loopback_whole_image_payloads.log.cmp.vcs
check.sv2sc2sv_xl_gp_converter_loopback_dual_ports.log.cmp
check.sv2sc2sv_xl_gp_converter_loopback_dual_ports.log.cmp.vcs
check.sv2sc2sv_xl_gp_converter_loopback_whole_image_payloads.log.cmp
check.sv2sc2sv_xl_gp_converter_loopback_whole_image_payloads.log.cmp.ius
check.sv2sc2sv_xl_gp_converter_loopback_whole_image_payloads.log.cmp.vcs

/tools/microchip/Libero_SoC_2025.1/Libero_SoC/ModelSim_Pro/verilog_src/uvmc-2.3.2/examples/connections:
common
Env.script
gold
Makefile
Makefile.ius
Makefile.questa
Makefile.vcs
README.txt
run_questa
sc2sc_native.cpp
sc2sc_uvmc.cpp
sc2sv.cpp
sc2sv.sv
sc_wraps_sv.cpp
sc_wraps_sv.sv
sv2sc2sv.cpp
sv2sc2sv.sv
sv2sc.cpp
sv2sc.sv
sv2sc_transport.cpp
sv2sc_transport.sv
sv2sv_native.sv
sv2sv_uvmc.cpp
sv2sv_uvmc.sv

/tools/microchip/Libero_SoC_2025.1/Libero_SoC/ModelSim_Pro/verilog_src/uvmc-2.3.2/examples/connections/common:
consumer2.sv
consumer.h
consumer.sv
packet.h
packet.sv
producer2.sv
producer.h
producer.sv
scoreboard.sv

/tools/microchip/Libero_SoC_2025.1/Libero_SoC/ModelSim_Pro/verilog_src/uvmc-2.3.2/examples/connections/gold:
check.pl
check.sc2sc_native.log.cmp
check.sc2sc_native.pl
check.sc2sc_uvmc.log.cmp
check.sc2sv.log.cmp
check.sc_wraps_sv.log.cmp
check.sv2sc2sv.log.cmp
check.sv2sc.log.cmp
check.sv2sv_native.log.cmp

/tools/microchip/Libero_SoC_2025.1/Libero_SoC/ModelSim_Pro/verilog_src/uvmc-2.3.2/examples/converters:
consumer2.cpp
consumer.cpp
consumer.sv
Env.script
gold
Makefile
Makefile.ius
Makefile.questa
Makefile.vcs
producer.h
producer.sv
README.txt
run_questa
sc_converter_adapter.cpp
sc_converter_bidir_trans.cpp
sc_converter_class.cpp
sc_converter_macros.cpp
sc_converter_trans.cpp
sv_converter_bidir_trans.sv
sv_converter_class.sv
sv_converter_trans_field_macros.sv
sv_converter_trans.sv

/tools/microchip/Libero_SoC_2025.1/Libero_SoC/ModelSim_Pro/verilog_src/uvmc-2.3.2/examples/converters/gold:
check.ex01.log.cmp
check.ex02.log.cmp
check.ex03.log.cmp
check.ex04.log.cmp
check.ex05.log.cmp
check.ex06.log.cmp
check.ex07.log.cmp
check.ex08.log.cmp
check.ex09.log.cmp
check.ex10.log.cmp
check.ex11.log.cmp
check.ex12.log.cmp
check.pl

/tools/microchip/Libero_SoC_2025.1/Libero_SoC/ModelSim_Pro/verilog_src/uvmc-2.3.2/examples/field_types:
Env.script
gold
Makefile
Makefile.ius
Makefile.questa
Makefile.vcs
README.txt
run_questa
sc_main.cpp
sub_object.cpp
sub_object.sv
sv_main.sv

/tools/microchip/Libero_SoC_2025.1/Libero_SoC/ModelSim_Pro/verilog_src/uvmc-2.3.2/examples/field_types/gold:
check.field_types.log.cmp
check.pl

/tools/microchip/Libero_SoC_2025.1/Libero_SoC/ModelSim_Pro/verilog_src/uvmc-2.3.2/examples/osci_tests:
common
dpiUtilityStubs.c
Env.script
gold
Makefile.osci
sc2sc_native.cpp
sc2sc_uvmc.cpp

/tools/microchip/Libero_SoC_2025.1/Libero_SoC/ModelSim_Pro/verilog_src/uvmc-2.3.2/examples/osci_tests/common:
consumer.h
packet.h
producer.h

/tools/microchip/Libero_SoC_2025.1/Libero_SoC/ModelSim_Pro/verilog_src/uvmc-2.3.2/examples/osci_tests/gold:
check.pl
check.sc2sc_native.log.cmp
check.sc2sc_uvmc.log.cmp

/tools/microchip/Libero_SoC_2025.1/Libero_SoC/ModelSim_Pro/verilog_src/uvmc-2.3.2/examples/xlerate.connections:
common
common.mk
Env.script
gold
Makefile
Makefile.ius
Makefile.questa
Makefile.vcs
README.txt
sc2sc2sc_uvmc_loopback.cpp
sc2sc2sc_uvmc_loopback.sv
sc2sv2sc_gp_converter_loopback.cpp
sc2sv2sc_gp_converter_loopback.sv
sc2sv2sc_loopback.cpp
sc2sv2sc_loopback.sv
sc2sv2sc_xl_gp_converter_loopback.cpp
sc2sv2sc_xl_gp_converter_loopback.sv
sv2sc2sv_gp_converter_loopback.cpp
sv2sc2sv_gp_converter_loopback.sv
sv2sc2sv_loopback.cpp
sv2sc2sv_loopback.sv
sv2sc2sv_xl_gp_converter_loopback.cpp
sv2sc2sv_xl_gp_converter_loopback.sv
sv2sv2sv_uvmc_loopback.cpp
sv2sv2sv_uvmc_loopback.sv
sv2sv2sv_xl_gp_converter_uvmc_loopback.cpp
sv2sv2sv_xl_gp_converter_uvmc_loopback.sv

/tools/microchip/Libero_SoC_2025.1/Libero_SoC/ModelSim_Pro/verilog_src/uvmc-2.3.2/examples/xlerate.connections/common:
loopback2.svh
loopback.h
loopback.svh
producer_loopback.h
producer_loopback.svh

/tools/microchip/Libero_SoC_2025.1/Libero_SoC/ModelSim_Pro/verilog_src/uvmc-2.3.2/examples/xlerate.connections/gold:
check.pl
check.sc2sc2sc_uvmc_loopback.log.cmp
check.sc2sv2sc_gp_converter_loopback.log.cmp
check.sc2sv2sc_gp_converter_loopback_whole_image_payloads.log.cmp
check.sc2sv2sc_loopback.log.cmp
check.sc2sv2sc_loopback_whole_image_payloads.log.cmp
check.sc2sv2sc_xl_gp_converter_loopback.log.cmp
check.sc2sv2sc_xl_gp_converter_loopback_whole_image_payloads.log.cmp
check.sv2sc2sv_gp_converter_loopback.log.cmp
check.sv2sc2sv_gp_converter_loopback_whole_image_payloads.log.cmp
check.sv2sc2sv_loopback.log.cmp
check.sv2sc2sv_xl_gp_converter_loopback.log.cmp
check.sv2sc2sv_xl_gp_converter_loopback_whole_image_payloads.log.cmp
check.sv2sv2sv_uvmc_loopback.log.cmp
check.sv2sv2sv_xl_gp_converter_uvmc_loopback.log.cmp
check.sv2sv2sv_xl_gp_converter_uvmc_loopback_whole_image_payloads.log.cmp
check.sv2sv_uvmc.log.cmp

/tools/microchip/Libero_SoC_2025.1/Libero_SoC/ModelSim_Pro/verilog_src/uvmc-2.3.2/lib:
common.mk
Env.script
ius
Makefile
Makefile.ius
Makefile.questa
Makefile.uvmc_sysc_standalone
Makefile.uvmc_sysc_standalone_ius
Makefile.uvmc_sysc_standalone_osci
Makefile.uvmc_sysc_standalone_questa
Makefile.uvmc_sysc_standalone_vista
Makefile.vcs
osci
questa
vista

/tools/microchip/Libero_SoC_2025.1/Libero_SoC/ModelSim_Pro/verilog_src/uvmc-2.3.2/lib/ius:

/tools/microchip/Libero_SoC_2025.1/Libero_SoC/ModelSim_Pro/verilog_src/uvmc-2.3.2/lib/osci:

/tools/microchip/Libero_SoC_2025.1/Libero_SoC/ModelSim_Pro/verilog_src/uvmc-2.3.2/lib/questa:

/tools/microchip/Libero_SoC_2025.1/Libero_SoC/ModelSim_Pro/verilog_src/uvmc-2.3.2/lib/vista:

/tools/microchip/Libero_SoC_2025.1/Libero_SoC/ModelSim_Pro/verilog_src/uvmc-2.3.2/src:
connect
uvm_dpi_tbx

/tools/microchip/Libero_SoC_2025.1/Libero_SoC/ModelSim_Pro/verilog_src/uvmc-2.3.2/src/connect:
sc
sv

/tools/microchip/Libero_SoC_2025.1/Libero_SoC/ModelSim_Pro/verilog_src/uvmc-2.3.2/src/connect/sc:
uvmc_channels.cpp
uvmc_channels.h
uvmc_commands.cpp
uvmc_commands.h
uvmc_common.cpp
uvmc_common.h
uvmc_connect.cpp
uvmc_connect.h
uvmc_convert.cpp
uvmc_convert.h
uvmc.cpp
uvmc_export_stubs.cpp
uvmc.h
uvmc_macros.h
uvmc_packer.cpp
uvmc_packer.h
uvmc_ports.cpp
uvmc_ports.h
uvmc_tlm_gp_converter.cpp
uvmc_tlm_gp_converter.h
uvmc_xl_config.cpp
uvmc_xl_config.h
uvmc_xl_converter.cpp
uvmc_xl_converter.h

/tools/microchip/Libero_SoC_2025.1/Libero_SoC/ModelSim_Pro/verilog_src/uvmc-2.3.2/src/connect/sv:
ovmc_pkg.sv
uvmc_commands.sv
uvmc_common.sv
uvmc_converter.svh
uvmc_pkg.sv
uvmc_tlm1.sv
uvmc_tlm2.sv
uvmc_xl_config.svh
uvmc_xl_converter.svh

/tools/microchip/Libero_SoC_2025.1/Libero_SoC/ModelSim_Pro/verilog_src/uvmc-2.3.2/src/uvm_dpi_tbx:
uvm_dpi_tbx.cc

/tools/microchip/Libero_SoC_2025.1/Libero_SoC/ModelSim_Pro/verilog_src/vlog_waveform_edit_package:
vlog_random_package.v

/tools/microchip/Libero_SoC_2025.1/Libero_SoC/ModelSim_Pro/vhdl_src:
floatfixlib
ieee
ieee_env
mgc_ams
modelsim_lib
std
std_developerskit
std_ovl
synopsys
verilog
vhdlopt_lib
vhdl_psl_checkers
vhdl_waveform_edit_package
vh_flcov_lib
vh_ux01v_lib
vital1995
vital2000
vital2.2b

/tools/microchip/Libero_SoC_2025.1/Libero_SoC/ModelSim_Pro/vhdl_src/floatfixlib:
fixed_float_types_c.vhd
fixed_pkg_c.vhd
float_pkg_c.vhd

/tools/microchip/Libero_SoC_2025.1/Libero_SoC/ModelSim_Pro/vhdl_src/ieee:
1076-2code.vhd
fixed_float_types.vhdl
fixed_generic_pkg-body.vhdl
fixed_generic_pkg.vhdl
fixed_pkg.vhdl
float_generic_pkg-body.vhdl
float_generic_pkg.vhdl
float_pkg.vhdl
ieee_ams_context.vhd
ieee_bit_context.vhd
ieee_std_context.vhd
mti_numeric_bit_unsigned.vhd
mti_numeric_bit.vhd
mti_numeric_std_unsigned.vhd
mti_numeric_std.vhd
mti_upf.vhd
stdlogic.vhd
vh_opt_lib.vhd

/tools/microchip/Libero_SoC_2025.1/Libero_SoC/ModelSim_Pro/vhdl_src/ieee_env:
ieee_material_constants.vhd

/tools/microchip/Libero_SoC_2025.1/Libero_SoC/ModelSim_Pro/vhdl_src/mgc_ams:
mgc_ams_simparam.vhd
mgc_ams.vhd

/tools/microchip/Libero_SoC_2025.1/Libero_SoC/ModelSim_Pro/vhdl_src/modelsim_lib:
mti_util.vhd
recording.vhd
transactions.vhd

/tools/microchip/Libero_SoC_2025.1/Libero_SoC/ModelSim_Pro/vhdl_src/std:
env.vhd
standard.vhd
textio.vhd

/tools/microchip/Libero_SoC_2025.1/Libero_SoC/ModelSim_Pro/vhdl_src/std_developerskit:
examples
iopakb.vhd
iopakp.vhd
mempakb.vhd
mempakp.vhd
regpakb.vhd
regpakp.vhd
simflagb.vhd
simflagp.vhd
synthreg.vhd
timingb.vhd
timingp.vhd

/tools/microchip/Libero_SoC_2025.1/Libero_SoC/ModelSim_Pro/vhdl_src/std_developerskit/examples:
i21010.vhd
i2716.vhd
i51256.vhd
radd_beh

/tools/microchip/Libero_SoC_2025.1/Libero_SoC/ModelSim_Pro/vhdl_src/std_developerskit/examples/radd_beh:
radd_beh.scr
radd_beh.vhd
radd_syn.db
radd_syn.ref
synopsys
vhdl.uof

/tools/microchip/Libero_SoC_2025.1/Libero_SoC/ModelSim_Pro/vhdl_src/std_ovl:
docs
ovl_always_on_edge.vhd
ovl_always.vhd
ovl_change.vhd
ovl_cycle_sequence.vhd
ovl_decrement.vhd
ovl_delta.vhd
ovl_even_parity.vhd
ovl_fifo_index.vhd
ovl_frame.vhd
ovl_handshake.vhd
ovl_implication.vhd
ovl_increment.vhd
ovl_never_unknown_async.vhd
ovl_never_unknown.vhd
ovl_never.vhd
ovl_next.vhd
ovl_no_overflow.vhd
ovl_no_transition.vhd
ovl_no_underflow.vhd
ovl_odd_parity.vhd
ovl_one_cold.vhd
ovl_one_hot.vhd
ovl_proposition.vhd
ovl_quiescent_state.vhd
ovl_range.vhd
ovl_time.vhd
ovl_transition.vhd
ovl_unchange.vhd
ovl_width.vhd
ovl_win_change.vhd
ovl_window.vhd
ovl_win_unchange.vhd
ovl_zero_one_hot.vhd
psl05
std_ovl_clock_gating.vhd
std_ovl_components.vhd
std_ovl_components_vlog.vhd
std_ovl_procs.vhd
std_ovl_reset_gating.vhd
std_ovl_u_components.vhd
std_ovl_u_components_vlog.vhd
std_ovl.vhd
std_ovl_vhdl_components.vhd
vhdl93

/tools/microchip/Libero_SoC_2025.1/Libero_SoC/ModelSim_Pro/vhdl_src/std_ovl/docs:
assert_quick_ref.pdf
assert_timing_diagrams.pdf
ovl_lrm.pdf
ovl_quick_ref.pdf
ovl_timing_diagrams.pdf
readme_vhdl.txt
release_notes.txt

/tools/microchip/Libero_SoC_2025.1/Libero_SoC/ModelSim_Pro/vhdl_src/std_ovl/psl05:
assert_always_on_edge_psl_logic.vhd
assert_always_psl_logic.vhd
assert_change_psl_logic.vhd
assert_cycle_sequence_psl_logic.vhd
assert_decrement_psl_logic.vhd
assert_delta_psl_logic.vhd
assert_even_parity_psl_logic.vhd
assert_fifo_index_psl_logic.vhd
assert_frame_psl_logic.vhd
assert_handshake_psl_logic.vhd
assert_implication_psl_logic.vhd
assert_increment_psl_logic.vhd
assert_never_psl_logic.vhd
assert_never_unknown_async_psl_logic.vhd
assert_never_unknown_psl_logic.vhd
assert_next_psl_logic.vhd
assert_no_overflow_psl_logic.vhd
assert_no_transition_psl_logic.vhd
assert_no_underflow_psl_logic.vhd
assert_odd_parity_psl_logic.vhd
assert_one_cold_psl_logic.vhd
assert_one_hot_psl_logic.vhd
assert_proposition_psl_logic.vhd
assert_quiescent_state_psl_logic.vhd
assert_range_psl_logic.vhd
assert_time_psl_logic.vhd
assert_transition_psl_logic.vhd
assert_unchange_psl_logic.vhd
assert_width_psl_logic.vhd
assert_win_change_psl_logic.vhd
assert_window_psl_logic.vhd
assert_win_unchange_psl_logic.vhd
assert_zero_one_hot_psl_logic.vhd
vunits_vhdl

/tools/microchip/Libero_SoC_2025.1/Libero_SoC/ModelSim_Pro/vhdl_src/std_ovl/psl05/vunits_vhdl:
assert_always_on_edge.psl
assert_always.psl
assert_change.psl
assert_cycle_sequence.psl
assert_decrement.psl
assert_delta.psl
assert_even_parity.psl
assert_fifo_index.psl
assert_frame.psl
assert_handshake.psl
assert_implication.psl
assert_increment.psl
assert_never.psl
assert_never_unknown_async.psl
assert_never_unknown.psl
assert_next.psl
assert_no_overflow.psl
assert_no_transition.psl
assert_no_underflow.psl
assert_odd_parity.psl
assert_one_cold.psl
assert_one_hot.psl
assert_proposition.psl
assert_quiescent_state.psl
assert_range.psl
assert_time.psl
assert_transition.psl
assert_unchange.psl
assert_width.psl
assert_win_change.psl
assert_window.psl
assert_win_unchange.psl
assert_zero_one_hot.psl

/tools/microchip/Libero_SoC_2025.1/Libero_SoC/ModelSim_Pro/vhdl_src/std_ovl/vhdl93:
legacy
ovl_always_rtl.vhd
ovl_cycle_sequence_rtl.vhd
ovl_implication_rtl.vhd
ovl_never_rtl.vhd
ovl_never_unknown_async_rtl.vhd
ovl_never_unknown_rtl.vhd
ovl_next_rtl.vhd
ovl_one_hot_rtl.vhd
ovl_range_rtl.vhd
ovl_zero_one_hot_rtl.vhd
syn_src

/tools/microchip/Libero_SoC_2025.1/Libero_SoC/ModelSim_Pro/vhdl_src/std_ovl/vhdl93/legacy:
std_ovl.vhd

/tools/microchip/Libero_SoC_2025.1/Libero_SoC/ModelSim_Pro/vhdl_src/std_ovl/vhdl93/syn_src:
ovl_always_rtl.vhd
ovl_cycle_sequence_rtl.vhd
ovl_implication_rtl.vhd
ovl_never_rtl.vhd
ovl_never_unknown_async_rtl.vhd
ovl_never_unknown_rtl.vhd
ovl_next_rtl.vhd
ovl_one_hot_rtl.vhd
ovl_range_rtl.vhd
ovl_zero_one_hot_rtl.vhd
std_ovl_procs_syn.vhd

/tools/microchip/Libero_SoC_2025.1/Libero_SoC/ModelSim_Pro/vhdl_src/synopsys:
mti_std_logic_arith.vhd
mti_std_logic_misc.vhd
mti_std_logic_signed.vhd
mti_std_logic_unsigned.vhd
std_logic_textio.vhd
syn_ari.vhd
syn_attributes.vhd
syn_type.vhd

/tools/microchip/Libero_SoC_2025.1/Libero_SoC/ModelSim_Pro/vhdl_src/verilog:
vlresolve.vhd
vltypes.vhd

/tools/microchip/Libero_SoC_2025.1/Libero_SoC/ModelSim_Pro/vhdl_src/vhdlopt_lib:
vh_opt_lib.vhd

/tools/microchip/Libero_SoC_2025.1/Libero_SoC/ModelSim_Pro/vhdl_src/vhdl_psl_checkers:
vhdl_psl_checkers_pkg.vhd
vhdl_psl_checkers.psl
vhdl_psl_checkers.vhd

/tools/microchip/Libero_SoC_2025.1/Libero_SoC/ModelSim_Pro/vhdl_src/vhdl_waveform_edit_package:
random_package.vhd

/tools/microchip/Libero_SoC_2025.1/Libero_SoC/ModelSim_Pro/vhdl_src/vh_flcov_lib:
vh_flcov_ce_pkg.vhd

/tools/microchip/Libero_SoC_2025.1/Libero_SoC/ModelSim_Pro/vhdl_src/vh_ux01v_lib:
mti_ux01v_logic_pkg.vhd

/tools/microchip/Libero_SoC_2025.1/Libero_SoC/ModelSim_Pro/vhdl_src/vital1995:
prmtvs_b.vhd
prmtvs_p.vhd
timing_b.vhd
timing_p.vhd

/tools/microchip/Libero_SoC_2025.1/Libero_SoC/ModelSim_Pro/vhdl_src/vital2000:
memory_b_2000_mod.vhd
memory_b_2000.vhd
memory_p_2000_mod.vhd
memory_p_2000.vhd
prmtvs_b_2000.vhd
prmtvs_p_2000_mod.vhd
prmtvs_p_2000.vhd
timing_b_2000.vhd
timing_p_2000.vhd

/tools/microchip/Libero_SoC_2025.1/Libero_SoC/ModelSim_Pro/vhdl_src/vital2.2b:
prmtvs_b.vhd
prmtvs_p.vhd
timing_b.vhd
timing_p.vhd

/tools/microchip/Libero_SoC_2025.1/Libero_SoC/ModelSim_Pro/vital1995:
_data
_info
_lib1_0.qdb
_lib1_0.qpg
_lib1_0.qtl
_lib.qdb

/tools/microchip/Libero_SoC_2025.1/Libero_SoC/ModelSim_Pro/vital1995/_data:

/tools/microchip/Libero_SoC_2025.1/Libero_SoC/ModelSim_Pro/vital2000:
_data
_info
_lib1_0.qdb
_lib1_0.qpg
_lib1_0.qtl
_lib.qdb

/tools/microchip/Libero_SoC_2025.1/Libero_SoC/ModelSim_Pro/vital2000/_data:

/tools/microchip/Libero_SoC_2025.1/Libero_SoC/ModelSim_Pro/vital2.2b:
_info
_lib1_0.qdb
_lib1_0.qpg
_lib1_0.qtl
_lib.qdb

/tools/microchip/Libero_SoC_2025.1/Libero_SoC/ModelSim_Pro/vovl_src:
ovl_2_8_1.xml
ovl_diagrams_2_8_1

/tools/microchip/Libero_SoC_2025.1/Libero_SoC/ModelSim_Pro/vovl_src/ovl_diagrams_2_8_1:
diagram_ovl_always.gif
diagram_ovl_always_on_edge.gif
diagram_ovl_arbiter.gif
diagram_ovl_bits.gif
diagram_ovl_change.gif
diagram_ovl_code_distance.gif
diagram_ovl_coverage.gif
diagram_ovl_crc.gif
diagram_ovl_cycle_sequence.gif
diagram_ovl_decrement.gif
diagram_ovl_delta.gif
diagram_ovl_even_parity.gif
diagram_ovl_fifo.gif
diagram_ovl_fifo_index.gif
diagram_ovl_frame.gif
diagram_ovl_handshake.gif
diagram_ovl_hold_value.gif
diagram_ovl_implication.gif
diagram_ovl_increment.gif
diagram_ovl_memory_async.gif
diagram_ovl_memory_sync.gif
diagram_ovl_multiport_fifo.gif
diagram_ovl_mutex.gif
diagram_ovl_never.gif
diagram_ovl_never_unknown_async.gif
diagram_ovl_never_unknown.gif
diagram_ovl_next.gif
diagram_ovl_next_state.gif
diagram_ovl_no_contention.gif
diagram_ovl_no_overflow.gif
diagram_ovl_no_transition.gif
diagram_ovl_no_underflow.gif
diagram_ovl_odd_parity.gif
diagram_ovl_one_cold.gif
diagram_ovl_one_hot.gif
diagram_ovl_proposition.gif
diagram_ovl_quiescent_state.gif
diagram_ovl_range.gif
diagram_ovl_reg_loaded.gif
diagram_ovl_req_ack_unique.gif
diagram_ovl_req_requires.gif
diagram_ovl_stack.gif
diagram_ovl_time.gif
diagram_ovl_transition.gif
diagram_ovl_unchange.gif
diagram_ovl_valid_id.gif
diagram_ovl_value_coverage.gif
diagram_ovl_value.gif
diagram_ovl_width.gif
diagram_ovl_win_change.gif
diagram_ovl_window.gif
diagram_ovl_win_unchange.gif
diagram_ovl_xproduct_bit_coverage.gif
diagram_ovl_xproduct_value_coverage.gif
diagram_ovl_zero_one_hot.gif
